[docs.postgresql.fr/current/index.html]
[backblue.gif]
[fade.gif]
[index.html]
[www.postgresql.org/media/css/docs-complete.css]
[docs.postgresql.fr/current/preface.html]
[docs.postgresql.fr/current/hdr_left.png]
[docs.postgresql.fr/current/hdr_right.png]
[docs.postgresql.fr/current/nav_lft.png]
[docs.postgresql.fr/current/nav_rgt.png]
[docs.postgresql.fr/current/legalnotice.html]
[docs.postgresql.fr/current/intro-whatis.html]
[docs.postgresql.fr/current/history.html]
[docs.postgresql.fr/current/notation.html]
[docs.postgresql.fr/current/resources.html]
[docs.postgresql.fr/current/bogue-reporting.html]
[docs.postgresql.fr/current/tutorial.html]
[docs.postgresql.fr/current/tutorial-start.html]
[docs.postgresql.fr/current/tutorial-sql.html]
[docs.postgresql.fr/current/tutorial-advanced.html]
[docs.postgresql.fr/current/sql.html]
[docs.postgresql.fr/current/sql-syntax.html]
[docs.postgresql.fr/current/ddl.html]
[docs.postgresql.fr/current/dml.html]
[docs.postgresql.fr/current/queries.html]
[docs.postgresql.fr/current/datatype.html]
[docs.postgresql.fr/current/functions.html]
[docs.postgresql.fr/current/typeconv.html]
[docs.postgresql.fr/current/indexes.html]
[docs.postgresql.fr/current/textsearch.html]
[docs.postgresql.fr/current/mvcc.html]
[docs.postgresql.fr/current/performance-tips.html]
[docs.postgresql.fr/current/parallel-query.html]
[docs.postgresql.fr/current/admin.html]
[docs.postgresql.fr/current/install-binaries.html]
[docs.postgresql.fr/current/installation.html]
[docs.postgresql.fr/current/runtime.html]
[docs.postgresql.fr/current/runtime-config.html]
[docs.postgresql.fr/current/client-authentication.html]
[docs.postgresql.fr/current/user-manag.html]
[docs.postgresql.fr/current/managing-databases.html]
[docs.postgresql.fr/current/charset.html]
[docs.postgresql.fr/current/maintenance.html]
[docs.postgresql.fr/current/backup.html]
[docs.postgresql.fr/current/high-availability.html]
[docs.postgresql.fr/current/monitoring.html]
[docs.postgresql.fr/current/wal.html]
[docs.postgresql.fr/current/logical-replication.html]
[docs.postgresql.fr/current/jit.html]
[docs.postgresql.fr/current/regress.html]
[docs.postgresql.fr/current/client-interfaces.html]
[docs.postgresql.fr/current/libpq.html]
[docs.postgresql.fr/current/largeobjects.html]
[docs.postgresql.fr/current/ecpg.html]
[docs.postgresql.fr/current/information-schema.html]
[docs.postgresql.fr/current/server-programming.html]
[docs.postgresql.fr/current/extend.html]
[docs.postgresql.fr/current/triggers.html]
[docs.postgresql.fr/current/event-triggers.html]
[docs.postgresql.fr/current/rules.html]
[docs.postgresql.fr/current/xplang.html]
[docs.postgresql.fr/current/plpgsql.html]
[docs.postgresql.fr/current/pltcl.html]
[docs.postgresql.fr/current/plperl.html]
[docs.postgresql.fr/current/plpython.html]
[docs.postgresql.fr/current/spi.html]
[docs.postgresql.fr/current/bgworker.html]
[docs.postgresql.fr/current/logicaldecoding.html]
[docs.postgresql.fr/current/replication-origins.html]
[docs.postgresql.fr/current/archive-modules.html]
[docs.postgresql.fr/current/reference.html]
[docs.postgresql.fr/current/sql-commands.html]
[docs.postgresql.fr/current/reference-client.html]
[docs.postgresql.fr/current/reference-server.html]
[docs.postgresql.fr/current/internals.html]
[docs.postgresql.fr/current/overview.html]
[docs.postgresql.fr/current/catalogs.html]
[docs.postgresql.fr/current/views.html]
[docs.postgresql.fr/current/protocol.html]
[docs.postgresql.fr/current/source.html]
[docs.postgresql.fr/current/nls.html]
[docs.postgresql.fr/current/plhandler.html]
[docs.postgresql.fr/current/fdwhandler.html]
[docs.postgresql.fr/current/tablesample-method.html]
[docs.postgresql.fr/current/custom-scan.html]
[docs.postgresql.fr/current/geqo.html]
[docs.postgresql.fr/current/tableam.html]
[docs.postgresql.fr/current/indexam.html]
[docs.postgresql.fr/current/wal-for-extensions.html]
[docs.postgresql.fr/current/indextypes.html]
[docs.postgresql.fr/current/storage.html]
[docs.postgresql.fr/current/transactions.html]
[docs.postgresql.fr/current/bki.html]
[docs.postgresql.fr/current/planner-stats-details.html]
[docs.postgresql.fr/current/backup-manifest-format.html]
[docs.postgresql.fr/current/appendixes.html]
[docs.postgresql.fr/current/errcodes-appendix.html]
[docs.postgresql.fr/current/datetime-appendix.html]
[docs.postgresql.fr/current/sql-keywords-appendix.html]
[docs.postgresql.fr/current/features.html]
[docs.postgresql.fr/current/release.html]
[docs.postgresql.fr/current/contrib.html]
[docs.postgresql.fr/current/contrib-prog.html]
[docs.postgresql.fr/current/external-projects.html]
[docs.postgresql.fr/current/sourcerepo.html]
[docs.postgresql.fr/current/docguide.html]
[docs.postgresql.fr/current/limits.html]
[docs.postgresql.fr/current/acronyms.html]
[docs.postgresql.fr/current/glossary.html]
[docs.postgresql.fr/current/color.html]
[docs.postgresql.fr/current/appendix-obsolete.html]
[docs.postgresql.fr/current/frenchtranslation.html]
[docs.postgresql.fr/current/biblio.html]
[docs.postgresql.fr/current/index.html]
[docs.postgresql.fr/current/nav_fill.png]
[docs.postgresql.fr/current/bookindex.html]
[docs.postgresql.fr/current/hdr_fill.png]
[docs.postgresql.fr/current/pgfr.css]
[www.postgresql.org/media/css/fontawesome.css]
[www.postgresql.org/media/css/bootstrap-4.4.1.min.css]
[www.postgresql.org/media/css/main.css]
[www.postgresql.org/media/css/normalize.css]
[www.postgresql.org/media/css/docs-complete.css]
[docs.postgresql.fr/current/pgsql-docs@lists.postgresql.html]
[docs.postgresql.fr/current/preface.html]
[docs.postgresql.fr/current/legalnotice.html]
[docs.postgresql.fr/current/index-2.html]
[docs.postgresql.fr/current/ddl-constraints.html]
[docs.postgresql.fr/current/sql-createview.html]
[docs.postgresql.fr/current/transaction-iso.html]
[docs.postgresql.fr/current/intro-whatis.html]
[docs.postgresql.fr/current/history.html]
[docs.postgresql.fr/current/notation.html]
[docs.postgresql.fr/current/resources.html]
[docs.postgresql.fr/current/functions-aggregate.html]
[docs.postgresql.fr/current/bogue-reporting.html]
[docs.postgresql.fr/current/runtime-config-logging.html]
[docs.postgresql.fr/current/tutorial-install.html]
[docs.postgresql.fr/current/tutorial-arch.html]
[docs.postgresql.fr/current/tutorial-createdb.html]
[docs.postgresql.fr/current/tutorial-accessdb.html]
[docs.postgresql.fr/current/tutorial-sql-intro.html]
[docs.postgresql.fr/current/tutorial-concepts.html]
[docs.postgresql.fr/current/tutorial-table.html]
[docs.postgresql.fr/current/tutorial-populate.html]
[docs.postgresql.fr/current/tutorial-select.html]
[docs.postgresql.fr/current/tutorial-join.html]
[docs.postgresql.fr/current/tutorial-agg.html]
[docs.postgresql.fr/current/tutorial-update.html]
[docs.postgresql.fr/current/tutorial-delete.html]
[docs.postgresql.fr/current/tutorial-advanced-intro.html]
[docs.postgresql.fr/current/tutorial-views.html]
[docs.postgresql.fr/current/tutorial-fk.html]
[docs.postgresql.fr/current/tutorial-transactions.html]
[docs.postgresql.fr/current/tutorial-window.html]
[docs.postgresql.fr/current/tutorial-inheritance.html]
[docs.postgresql.fr/current/tutorial.html]
[docs.postgresql.fr/current/tutorial-start.html]
[docs.postgresql.fr/current/tutorial-sql.html]
[docs.postgresql.fr/current/tutorial-advanced.html]
[docs.postgresql.fr/current/tutorial-conclusion.html]
[docs.postgresql.fr/current/sql-syntax-lexical.html]
[docs.postgresql.fr/current/sql-syntax-calling-funcs.html]
[docs.postgresql.fr/current/sql-expressions.html]
[docs.postgresql.fr/current/ddl-basics.html]
[docs.postgresql.fr/current/ddl-default.html]
[docs.postgresql.fr/current/ddl-identity-columns.html]
[docs.postgresql.fr/current/ddl-generated-columns.html]
[docs.postgresql.fr/current/ddl-system-columns.html]
[docs.postgresql.fr/current/ddl-alter.html]
[docs.postgresql.fr/current/ddl-priv.html]
[docs.postgresql.fr/current/ddl-rowsecurity.html]
[docs.postgresql.fr/current/ddl-schemas.html]
[docs.postgresql.fr/current/ddl-inherit.html]
[docs.postgresql.fr/current/ddl-partitioning.html]
[docs.postgresql.fr/current/ddl-foreign-data.html]
[docs.postgresql.fr/current/ddl-others.html]
[docs.postgresql.fr/current/ddl-depend.html]
[docs.postgresql.fr/current/dml-insert.html]
[docs.postgresql.fr/current/dml-update.html]
[docs.postgresql.fr/current/dml-delete.html]
[docs.postgresql.fr/current/dml-returning.html]
[docs.postgresql.fr/current/queries-overview.html]
[docs.postgresql.fr/current/queries-table-expressions.html]
[docs.postgresql.fr/current/queries-select-lists.html]
[docs.postgresql.fr/current/queries-union.html]
[docs.postgresql.fr/current/queries-order.html]
[docs.postgresql.fr/current/queries-limit.html]
[docs.postgresql.fr/current/queries-values.html]
[docs.postgresql.fr/current/queries-with.html]
[docs.postgresql.fr/current/datatype-numeric.html]
[docs.postgresql.fr/current/datatype-money.html]
[docs.postgresql.fr/current/datatype-character.html]
[docs.postgresql.fr/current/datatype-binary.html]
[docs.postgresql.fr/current/datatype-datetime.html]
[docs.postgresql.fr/current/datatype-boolean.html]
[docs.postgresql.fr/current/datatype-enum.html]
[docs.postgresql.fr/current/datatype-geometric.html]
[docs.postgresql.fr/current/datatype-net-types.html]
[docs.postgresql.fr/current/datatype-bit.html]
[docs.postgresql.fr/current/datatype-textsearch.html]
[docs.postgresql.fr/current/datatype-uuid.html]
[docs.postgresql.fr/current/datatype-xml.html]
[docs.postgresql.fr/current/datatype-json.html]
[docs.postgresql.fr/current/arrays.html]
[docs.postgresql.fr/current/rowtypes.html]
[docs.postgresql.fr/current/rangetypes.html]
[docs.postgresql.fr/current/domains.html]
[docs.postgresql.fr/current/datatype-oid.html]
[docs.postgresql.fr/current/datatype-pg-lsn.html]
[docs.postgresql.fr/current/datatype-pseudo.html]
[docs.postgresql.fr/current/functions-logical.html]
[docs.postgresql.fr/current/functions-comparison.html]
[docs.postgresql.fr/current/functions-math.html]
[docs.postgresql.fr/current/functions-string.html]
[docs.postgresql.fr/current/functions-binarystring.html]
[docs.postgresql.fr/current/functions-bitstring.html]
[docs.postgresql.fr/current/functions-matching.html]
[docs.postgresql.fr/current/functions-formatting.html]
[docs.postgresql.fr/current/functions-datetime.html]
[docs.postgresql.fr/current/functions-enum.html]
[docs.postgresql.fr/current/functions-geometry.html]
[docs.postgresql.fr/current/functions-net.html]
[docs.postgresql.fr/current/functions-textsearch.html]
[docs.postgresql.fr/current/functions-uuid.html]
[docs.postgresql.fr/current/functions-xml.html]
[docs.postgresql.fr/current/functions-json.html]
[docs.postgresql.fr/current/functions-sequence.html]
[docs.postgresql.fr/current/functions-conditional.html]
[docs.postgresql.fr/current/functions-array.html]
[docs.postgresql.fr/current/functions-range.html]
[docs.postgresql.fr/current/functions-window.html]
[docs.postgresql.fr/current/functions-merge-support.html]
[docs.postgresql.fr/current/functions-subquery.html]
[docs.postgresql.fr/current/functions-comparisons.html]
[docs.postgresql.fr/current/functions-srf.html]
[docs.postgresql.fr/current/functions-info.html]
[docs.postgresql.fr/current/functions-admin.html]
[docs.postgresql.fr/current/functions-trigger.html]
[docs.postgresql.fr/current/functions-event-triggers.html]
[docs.postgresql.fr/current/functions-statistics.html]
[docs.postgresql.fr/current/typeconv-overview.html]
[docs.postgresql.fr/current/typeconv-oper.html]
[docs.postgresql.fr/current/typeconv-func.html]
[docs.postgresql.fr/current/typeconv-query.html]
[docs.postgresql.fr/current/typeconv-union-case.html]
[docs.postgresql.fr/current/typeconv-select.html]
[docs.postgresql.fr/current/index-intro.html]
[docs.postgresql.fr/current/indexes-types.html]
[docs.postgresql.fr/current/indexes-multicolumn.html]
[docs.postgresql.fr/current/indexes-ordering.html]
[docs.postgresql.fr/current/indexes-bitmap-scans.html]
[docs.postgresql.fr/current/indexes-unique.html]
[docs.postgresql.fr/current/indexes-expressional.html]
[docs.postgresql.fr/current/indexes-partial.html]
[docs.postgresql.fr/current/indexes-index-only-scans.html]
[docs.postgresql.fr/current/indexes-opclass.html]
[docs.postgresql.fr/current/indexes-collations.html]
[docs.postgresql.fr/current/indexes-examine.html]
[docs.postgresql.fr/current/textsearch-intro.html]
[docs.postgresql.fr/current/textsearch-tables.html]
[docs.postgresql.fr/current/textsearch-controls.html]
[docs.postgresql.fr/current/textsearch-features.html]
[docs.postgresql.fr/current/textsearch-parsers.html]
[docs.postgresql.fr/current/textsearch-dictionaries.html]
[docs.postgresql.fr/current/textsearch-configuration.html]
[docs.postgresql.fr/current/textsearch-debugging.html]
[docs.postgresql.fr/current/textsearch-indexes.html]
[docs.postgresql.fr/current/textsearch-psql.html]
[docs.postgresql.fr/current/textsearch-limitations.html]
[docs.postgresql.fr/current/mvcc-intro.html]
[docs.postgresql.fr/current/explicit-locking.html]
[docs.postgresql.fr/current/applevel-consistency.html]
[docs.postgresql.fr/current/mvcc-serialization-failure-handling.html]
[docs.postgresql.fr/current/mvcc-caveats.html]
[docs.postgresql.fr/current/locking-indexes.html]
[docs.postgresql.fr/current/using-explain.html]
[docs.postgresql.fr/current/explicit-joins.html]
[docs.postgresql.fr/current/planner-stats.html]
[docs.postgresql.fr/current/populate.html]
[docs.postgresql.fr/current/non-durability.html]
[docs.postgresql.fr/current/how-parallel-query-works.html]
[docs.postgresql.fr/current/when-can-parallel-query-be-used.html]
[docs.postgresql.fr/current/parallel-plans.html]
[docs.postgresql.fr/current/sql.html]
[docs.postgresql.fr/current/sql-syntax.html]
[docs.postgresql.fr/current/ddl.html]
[docs.postgresql.fr/current/dml.html]
[docs.postgresql.fr/current/queries.html]
[docs.postgresql.fr/current/parallel-safety.html]
[docs.postgresql.fr/current/datatype.html]
[docs.postgresql.fr/current/functions.html]
[docs.postgresql.fr/current/typeconv.html]
[docs.postgresql.fr/current/indexes.html]
[docs.postgresql.fr/current/textsearch.html]
[docs.postgresql.fr/current/mvcc.html]
[docs.postgresql.fr/current/performance-tips.html]
[docs.postgresql.fr/current/parallel-query.html]
[docs.postgresql.fr/current/sql-createtype.html]
[docs.postgresql.fr/current/install-requirements.html]
[docs.postgresql.fr/current/install-getsource.html]
[docs.postgresql.fr/current/install-make.html]
[docs.postgresql.fr/current/install-meson.html]
[docs.postgresql.fr/current/install-post.html]
[docs.postgresql.fr/current/supported-platforms.html]
[docs.postgresql.fr/current/installation-platform-notes.html]
[docs.postgresql.fr/current/postgres-user.html]
[docs.postgresql.fr/current/creating-cluster.html]
[docs.postgresql.fr/current/server-start.html]
[docs.postgresql.fr/current/kernel-resources.html]
[docs.postgresql.fr/current/server-shutdown.html]
[docs.postgresql.fr/current/upgrading.html]
[docs.postgresql.fr/current/preventing-server-spoofing.html]
[docs.postgresql.fr/current/encryption-options.html]
[docs.postgresql.fr/current/gssapi-enc.html]
[docs.postgresql.fr/current/ssl-tcp.html]
[docs.postgresql.fr/current/ssh-tunnels.html]
[docs.postgresql.fr/current/event-log-registration.html]
[docs.postgresql.fr/current/config-setting.html]
[docs.postgresql.fr/current/runtime-config-file-locations.html]
[docs.postgresql.fr/current/runtime-config-connection.html]
[docs.postgresql.fr/current/runtime-config-wal.html]
[docs.postgresql.fr/current/runtime-config-resource.html]
[docs.postgresql.fr/current/runtime-config-replication.html]
[docs.postgresql.fr/current/runtime-config-statistics.html]
[docs.postgresql.fr/current/runtime-config-query.html]
[docs.postgresql.fr/current/runtime-config-autovacuum.html]
[docs.postgresql.fr/current/runtime-config-locks.html]
[docs.postgresql.fr/current/runtime-config-compatible.html]
[docs.postgresql.fr/current/runtime-config-client.html]
[docs.postgresql.fr/current/runtime-config-error-handling.html]
[docs.postgresql.fr/current/runtime-config-preset.html]
[docs.postgresql.fr/current/runtime-config-custom.html]
[docs.postgresql.fr/current/runtime-config-developer.html]
[docs.postgresql.fr/current/runtime-config-short.html]
[docs.postgresql.fr/current/auth-pg-hba-conf.html]
[docs.postgresql.fr/current/auth-username-maps.html]
[docs.postgresql.fr/current/auth-methods.html]
[docs.postgresql.fr/current/auth-trust.html]
[docs.postgresql.fr/current/auth-password.html]
[docs.postgresql.fr/current/gssapi-auth.html]
[docs.postgresql.fr/current/sspi-auth.html]
[docs.postgresql.fr/current/auth-ident.html]
[docs.postgresql.fr/current/auth-peer.html]
[docs.postgresql.fr/current/auth-ldap.html]
[docs.postgresql.fr/current/auth-radius.html]
[docs.postgresql.fr/current/auth-cert.html]
[docs.postgresql.fr/current/auth-pam.html]
[docs.postgresql.fr/current/auth-bsd.html]
[docs.postgresql.fr/current/client-authentication-problems.html]
[docs.postgresql.fr/current/database-roles.html]
[docs.postgresql.fr/current/role-attributes.html]
[docs.postgresql.fr/current/role-membership.html]
[docs.postgresql.fr/current/role-removal.html]
[docs.postgresql.fr/current/predefined-roles.html]
[docs.postgresql.fr/current/perm-functions.html]
[docs.postgresql.fr/current/manage-ag-overview.html]
[docs.postgresql.fr/current/manage-ag-createdb.html]
[docs.postgresql.fr/current/manage-ag-templatedbs.html]
[docs.postgresql.fr/current/manage-ag-config.html]
[docs.postgresql.fr/current/manage-ag-dropdb.html]
[docs.postgresql.fr/current/manage-ag-tablespaces.html]
[docs.postgresql.fr/current/locale.html]
[docs.postgresql.fr/current/collation.html]
[docs.postgresql.fr/current/multibyte.html]
[docs.postgresql.fr/current/routine-vacuuming.html]
[docs.postgresql.fr/current/routine-reindex.html]
[docs.postgresql.fr/current/logfile-maintenance.html]
[docs.postgresql.fr/current/backup-dump.html]
[docs.postgresql.fr/current/backup-file.html]
[docs.postgresql.fr/current/different-replication-solutions.html]
[docs.postgresql.fr/current/continuous-archiving.html]
[docs.postgresql.fr/current/warm-standby.html]
[docs.postgresql.fr/current/warm-standby-failover.html]
[docs.postgresql.fr/current/hot-standby.html]
[docs.postgresql.fr/current/monitoring-ps.html]
[docs.postgresql.fr/current/monitoring-stats.html]
[docs.postgresql.fr/current/monitoring-locks.html]
[docs.postgresql.fr/current/progress-reporting.html]
[docs.postgresql.fr/current/dynamic-trace.html]
[docs.postgresql.fr/current/diskusage.html]
[docs.postgresql.fr/current/wal-reliability.html]
[docs.postgresql.fr/current/checksums.html]
[docs.postgresql.fr/current/wal-intro.html]
[docs.postgresql.fr/current/wal-async-commit.html]
[docs.postgresql.fr/current/wal-configuration.html]
[docs.postgresql.fr/current/wal-internals.html]
[docs.postgresql.fr/current/logical-replication-publication.html]
[docs.postgresql.fr/current/logical-replication-subscription.html]
[docs.postgresql.fr/current/logical-replication-failover.html]
[docs.postgresql.fr/current/logical-replication-row-filter.html]
[docs.postgresql.fr/current/logical-replication-col-lists.html]
[docs.postgresql.fr/current/logical-replication-conflicts.html]
[docs.postgresql.fr/current/logical-replication-restrictions.html]
[docs.postgresql.fr/current/logical-replication-architecture.html]
[docs.postgresql.fr/current/logical-replication-monitoring.html]
[docs.postgresql.fr/current/logical-replication-security.html]
[docs.postgresql.fr/current/logical-replication-config.html]
[docs.postgresql.fr/current/logical-replication-quick-setup.html]
[docs.postgresql.fr/current/jit-reason.html]
[docs.postgresql.fr/current/jit-decision.html]
[docs.postgresql.fr/current/jit-configuration.html]
[docs.postgresql.fr/current/jit-extensibility.html]
[docs.postgresql.fr/current/regress-run.html]
[docs.postgresql.fr/current/regress-evaluation.html]
[docs.postgresql.fr/current/regress-variant.html]
[docs.postgresql.fr/current/regress-tap.html]
[docs.postgresql.fr/current/admin.html]
[docs.postgresql.fr/current/install-binaries.html]
[docs.postgresql.fr/current/installation.html]
[docs.postgresql.fr/current/runtime.html]
[docs.postgresql.fr/current/runtime-config.html]
[docs.postgresql.fr/current/client-authentication.html]
[docs.postgresql.fr/current/user-manag.html]
[docs.postgresql.fr/current/managing-databases.html]
[docs.postgresql.fr/current/charset.html]
[docs.postgresql.fr/current/maintenance.html]
[docs.postgresql.fr/current/backup.html]
[docs.postgresql.fr/current/high-availability.html]
[docs.postgresql.fr/current/regress-coverage.html]
[docs.postgresql.fr/current/monitoring.html]
[docs.postgresql.fr/current/wal.html]
[docs.postgresql.fr/current/logical-replication.html]
[docs.postgresql.fr/current/jit.html]
[docs.postgresql.fr/current/regress.html]
[docs.postgresql.fr/current/sql-explain.html]
[docs.postgresql.fr/current/libpq-status.html]
[docs.postgresql.fr/current/libpq-connect.html]
[docs.postgresql.fr/current/libpq-exec.html]
[docs.postgresql.fr/current/libpq-async.html]
[docs.postgresql.fr/current/libpq-pipeline-mode.html]
[docs.postgresql.fr/current/libpq-single-row-mode.html]
[docs.postgresql.fr/current/libpq-cancel.html]
[docs.postgresql.fr/current/libpq-fastpath.html]
[docs.postgresql.fr/current/libpq-notify.html]
[docs.postgresql.fr/current/libpq-copy.html]
[docs.postgresql.fr/current/libpq-control.html]
[docs.postgresql.fr/current/libpq-misc.html]
[docs.postgresql.fr/current/libpq-notice-processing.html]
[docs.postgresql.fr/current/libpq-events.html]
[docs.postgresql.fr/current/libpq-envars.html]
[docs.postgresql.fr/current/libpq-pgpass.html]
[docs.postgresql.fr/current/libpq-pgservice.html]
[docs.postgresql.fr/current/libpq-ldap.html]
[docs.postgresql.fr/current/libpq-ssl.html]
[docs.postgresql.fr/current/libpq-threading.html]
[docs.postgresql.fr/current/libpq-build.html]
[docs.postgresql.fr/current/libpq-example.html]
[docs.postgresql.fr/current/lo-intro.html]
[docs.postgresql.fr/current/lo-implementation.html]
[docs.postgresql.fr/current/lo-interfaces.html]
[docs.postgresql.fr/current/lo-funcs.html]
[docs.postgresql.fr/current/lo-examplesect.html]
[docs.postgresql.fr/current/ecpg-concept.html]
[docs.postgresql.fr/current/ecpg-connect.html]
[docs.postgresql.fr/current/ecpg-commands.html]
[docs.postgresql.fr/current/ecpg-variables.html]
[docs.postgresql.fr/current/ecpg-dynamic.html]
[docs.postgresql.fr/current/ecpg-pgtypes.html]
[docs.postgresql.fr/current/ecpg-descriptors.html]
[docs.postgresql.fr/current/ecpg-errors.html]
[docs.postgresql.fr/current/ecpg-preproc.html]
[docs.postgresql.fr/current/ecpg-process.html]
[docs.postgresql.fr/current/ecpg-library.html]
[docs.postgresql.fr/current/ecpg-lo.html]
[docs.postgresql.fr/current/ecpg-cpp.html]
[docs.postgresql.fr/current/ecpg-sql-commands.html]
[docs.postgresql.fr/current/ecpg-oracle-compat.html]
[docs.postgresql.fr/current/ecpg-informix-compat.html]
[docs.postgresql.fr/current/ecpg-develop.html]
[docs.postgresql.fr/current/infoschema-schema.html]
[docs.postgresql.fr/current/infoschema-datatypes.html]
[docs.postgresql.fr/current/infoschema-information-schema-catalog-name.html]
[docs.postgresql.fr/current/infoschema-administrable-role-authorizations.html]
[docs.postgresql.fr/current/infoschema-applicable-roles.html]
[docs.postgresql.fr/current/infoschema-attributes.html]
[docs.postgresql.fr/current/infoschema-character-sets.html]
[docs.postgresql.fr/current/infoschema-check-constraint-routine-usage.html]
[docs.postgresql.fr/current/infoschema-check-constraints.html]
[docs.postgresql.fr/current/infoschema-collations.html]
[docs.postgresql.fr/current/infoschema-collation-character-set-applicab.html]
[docs.postgresql.fr/current/infoschema-column-column-usage.html]
[docs.postgresql.fr/current/infoschema-column-domain-usage.html]
[docs.postgresql.fr/current/infoschema-column-options.html]
[docs.postgresql.fr/current/infoschema-column-privileges.html]
[docs.postgresql.fr/current/infoschema-column-udt-usage.html]
[docs.postgresql.fr/current/infoschema-columns.html]
[docs.postgresql.fr/current/infoschema-constraint-column-usage.html]
[docs.postgresql.fr/current/infoschema-constraint-table-usage.html]
[docs.postgresql.fr/current/infoschema-data-type-privileges.html]
[docs.postgresql.fr/current/infoschema-domain-constraints.html]
[docs.postgresql.fr/current/infoschema-domain-udt-usage.html]
[docs.postgresql.fr/current/infoschema-domains.html]
[docs.postgresql.fr/current/infoschema-element-types.html]
[docs.postgresql.fr/current/infoschema-enabled-roles.html]
[docs.postgresql.fr/current/infoschema-foreign-data-wrapper-options.html]
[docs.postgresql.fr/current/infoschema-foreign-data-wrappers.html]
[docs.postgresql.fr/current/infoschema-foreign-server-options.html]
[docs.postgresql.fr/current/infoschema-foreign-servers.html]
[docs.postgresql.fr/current/infoschema-foreign-table-options.html]
[docs.postgresql.fr/current/infoschema-foreign-tables.html]
[docs.postgresql.fr/current/infoschema-key-column-usage.html]
[docs.postgresql.fr/current/infoschema-parameters.html]
[docs.postgresql.fr/current/infoschema-referential-constraints.html]
[docs.postgresql.fr/current/infoschema-role-column-grants.html]
[docs.postgresql.fr/current/infoschema-role-routine-grants.html]
[docs.postgresql.fr/current/infoschema-role-table-grants.html]
[docs.postgresql.fr/current/infoschema-role-usage-grants.html]
[docs.postgresql.fr/current/infoschema-role-udt-grants.html]
[docs.postgresql.fr/current/infoschema-routine-column-usage.html]
[docs.postgresql.fr/current/infoschema-routine-privileges.html]
[docs.postgresql.fr/current/infoschema-routine-routine-usage.html]
[docs.postgresql.fr/current/infoschema-routine-sequence-usage.html]
[docs.postgresql.fr/current/infoschema-routine-table-usage.html]
[docs.postgresql.fr/current/infoschema-routines.html]
[docs.postgresql.fr/current/infoschema-schemata.html]
[docs.postgresql.fr/current/infoschema-sequences.html]
[docs.postgresql.fr/current/infoschema-sql-features.html]
[docs.postgresql.fr/current/infoschema-sql-implementation-info.html]
[docs.postgresql.fr/current/infoschema-sql-parts.html]
[docs.postgresql.fr/current/infoschema-table-constraints.html]
[docs.postgresql.fr/current/infoschema-sql-sizing.html]
[docs.postgresql.fr/current/infoschema-table-privileges.html]
[docs.postgresql.fr/current/infoschema-tables.html]
[docs.postgresql.fr/current/infoschema-transforms.html]
[docs.postgresql.fr/current/infoschema-triggered-update-columns.html]
[docs.postgresql.fr/current/infoschema-triggers.html]
[docs.postgresql.fr/current/infoschema-udt-privileges.html]
[docs.postgresql.fr/current/infoschema-usage-privileges.html]
[docs.postgresql.fr/current/infoschema-user-defined-types.html]
[docs.postgresql.fr/current/infoschema-user-mapping-options.html]
[docs.postgresql.fr/current/infoschema-user-mappings.html]
[docs.postgresql.fr/current/infoschema-view-column-usage.html]
[docs.postgresql.fr/current/infoschema-view-routine-usage.html]
[docs.postgresql.fr/current/infoschema-view-table-usage.html]
[docs.postgresql.fr/current/client-interfaces.html]
[docs.postgresql.fr/current/libpq.html]
[docs.postgresql.fr/current/largeobjects.html]
[docs.postgresql.fr/current/infoschema-views.html]
[docs.postgresql.fr/current/ecpg-sql-allocate-descriptor.html]
[docs.postgresql.fr/current/ecpg-sql-connect.html]
[docs.postgresql.fr/current/ecpg-sql-deallocate-descriptor.html]
[docs.postgresql.fr/current/ecpg-sql-declare.html]
[docs.postgresql.fr/current/ecpg-sql-declare-statement.html]
[docs.postgresql.fr/current/ecpg-sql-describe.html]
[docs.postgresql.fr/current/ecpg-sql-disconnect.html]
[docs.postgresql.fr/current/ecpg-sql-execute-immediate.html]
[docs.postgresql.fr/current/ecpg-sql-get-descriptor.html]
[docs.postgresql.fr/current/ecpg-sql-open.html]
[docs.postgresql.fr/current/ecpg-sql-prepare.html]
[docs.postgresql.fr/current/ecpg-sql-set-autocommit.html]
[docs.postgresql.fr/current/ecpg-sql-set-connection.html]
[docs.postgresql.fr/current/ecpg-sql-set-descriptor.html]
[docs.postgresql.fr/current/ecpg-sql-type.html]
[docs.postgresql.fr/current/ecpg-sql-var.html]
[docs.postgresql.fr/current/ecpg.html]
[docs.postgresql.fr/current/information-schema.html]
[docs.postgresql.fr/current/ecpg-sql-whenever.html]
[docs.postgresql.fr/current/extend-how.html]
[docs.postgresql.fr/current/extend-type-system.html]
[docs.postgresql.fr/current/xfunc.html]
[docs.postgresql.fr/current/xproc.html]
[docs.postgresql.fr/current/xfunc-overload.html]
[docs.postgresql.fr/current/xfunc-sql.html]
[docs.postgresql.fr/current/xfunc-volatility.html]
[docs.postgresql.fr/current/xfunc-pl.html]
[docs.postgresql.fr/current/xfunc-internal.html]
[docs.postgresql.fr/current/xfunc-optimization.html]
[docs.postgresql.fr/current/xfunc-c.html]
[docs.postgresql.fr/current/xaggr.html]
[docs.postgresql.fr/current/xtypes.html]
[docs.postgresql.fr/current/xoper.html]
[docs.postgresql.fr/current/xindex.html]
[docs.postgresql.fr/current/xoper-optimization.html]
[docs.postgresql.fr/current/extend-extensions.html]
[docs.postgresql.fr/current/extend-pgxs.html]
[docs.postgresql.fr/current/trigger-definition.html]
[docs.postgresql.fr/current/trigger-datachanges.html]
[docs.postgresql.fr/current/trigger-interface.html]
[docs.postgresql.fr/current/trigger-example.html]
[docs.postgresql.fr/current/event-trigger-definition.html]
[docs.postgresql.fr/current/event-trigger-matrix.html]
[docs.postgresql.fr/current/event-trigger-interface.html]
[docs.postgresql.fr/current/event-trigger-example.html]
[docs.postgresql.fr/current/event-trigger-table-rewrite-example.html]
[docs.postgresql.fr/current/event-trigger-database-login-example.html]
[docs.postgresql.fr/current/querytree.html]
[docs.postgresql.fr/current/rules-materializedviews.html]
[docs.postgresql.fr/current/rules-views.html]
[docs.postgresql.fr/current/rules-update.html]
[docs.postgresql.fr/current/rules-privileges.html]
[docs.postgresql.fr/current/rules-status.html]
[docs.postgresql.fr/current/rules-triggers.html]
[docs.postgresql.fr/current/xplang-install.html]
[docs.postgresql.fr/current/plpgsql-overview.html]
[docs.postgresql.fr/current/plpgsql-structure.html]
[docs.postgresql.fr/current/plpgsql-expressions.html]
[docs.postgresql.fr/current/plpgsql-statements.html]
[docs.postgresql.fr/current/plpgsql-declarations.html]
[docs.postgresql.fr/current/plpgsql-cursors.html]
[docs.postgresql.fr/current/plpgsql-control-structures.html]
[docs.postgresql.fr/current/plpgsql-transactions.html]
[docs.postgresql.fr/current/plpgsql-errors-and-messages.html]
[docs.postgresql.fr/current/plpgsql-implementation.html]
[docs.postgresql.fr/current/plpgsql-development-tips.html]
[docs.postgresql.fr/current/plpgsql-porting.html]
[docs.postgresql.fr/current/pltcl-overview.html]
[docs.postgresql.fr/current/plpgsql-trigger.html]
[docs.postgresql.fr/current/pltcl-functions.html]
[docs.postgresql.fr/current/pltcl-data.html]
[docs.postgresql.fr/current/pltcl-global.html]
[docs.postgresql.fr/current/pltcl-dbaccess.html]
[docs.postgresql.fr/current/pltcl-trigger.html]
[docs.postgresql.fr/current/pltcl-event-trigger.html]
[docs.postgresql.fr/current/pltcl-error-handling.html]
[docs.postgresql.fr/current/pltcl-subtransactions.html]
[docs.postgresql.fr/current/pltcl-transactions.html]
[docs.postgresql.fr/current/pltcl-config.html]
[docs.postgresql.fr/current/pltcl-procnames.html]
[docs.postgresql.fr/current/plperl-funcs.html]
[docs.postgresql.fr/current/plperl-data.html]
[docs.postgresql.fr/current/plperl-builtins.html]
[docs.postgresql.fr/current/plperl-global.html]
[docs.postgresql.fr/current/plperl-trusted.html]
[docs.postgresql.fr/current/plperl-triggers.html]
[docs.postgresql.fr/current/plperl-event-triggers.html]
[docs.postgresql.fr/current/plperl-under-the-hood.html]
[docs.postgresql.fr/current/plpython-funcs.html]
[docs.postgresql.fr/current/plpython-data.html]
[docs.postgresql.fr/current/plpython-sharing.html]
[docs.postgresql.fr/current/plpython-do.html]
[docs.postgresql.fr/current/plpython-trigger.html]
[docs.postgresql.fr/current/plpython-database.html]
[docs.postgresql.fr/current/plpython-subtransaction.html]
[docs.postgresql.fr/current/plpython-transactions.html]
[docs.postgresql.fr/current/plpython-util.html]
[docs.postgresql.fr/current/plpython-python23.html]
[docs.postgresql.fr/current/spi-interface.html]
[docs.postgresql.fr/current/plpython-envar.html]
[docs.postgresql.fr/current/spi-interface-support.html]
[docs.postgresql.fr/current/spi-memory.html]
[docs.postgresql.fr/current/spi-transaction.html]
[docs.postgresql.fr/current/spi-visibility.html]
[docs.postgresql.fr/current/spi-exemples.html]
[docs.postgresql.fr/current/logicaldecoding-example.html]
[docs.postgresql.fr/current/logicaldecoding-explanation.html]
[docs.postgresql.fr/current/logicaldecoding-walsender.html]
[docs.postgresql.fr/current/logicaldecoding-sql.html]
[docs.postgresql.fr/current/logicaldecoding-catalogs.html]
[docs.postgresql.fr/current/logicaldecoding-output-plugin.html]
[docs.postgresql.fr/current/logicaldecoding-writer.html]
[docs.postgresql.fr/current/logicaldecoding-synchronous.html]
[docs.postgresql.fr/current/logicaldecoding-streaming.html]
[docs.postgresql.fr/current/logicaldecoding-two-phase-commits.html]
[docs.postgresql.fr/current/archive-module-init.html]
[docs.postgresql.fr/current/server-programming.html]
[docs.postgresql.fr/current/extend.html]
[docs.postgresql.fr/current/triggers.html]
[docs.postgresql.fr/current/event-triggers.html]
[docs.postgresql.fr/current/rules.html]
[docs.postgresql.fr/current/xplang.html]
[docs.postgresql.fr/current/plpgsql.html]
[docs.postgresql.fr/current/pltcl.html]
[docs.postgresql.fr/current/plperl.html]
[docs.postgresql.fr/current/plpython.html]
[docs.postgresql.fr/current/archive-module-callbacks.html]
[docs.postgresql.fr/current/spi-spi-connect.html]
[docs.postgresql.fr/current/spi-spi-finish.html]
[docs.postgresql.fr/current/spi-spi-execute.html]
[docs.postgresql.fr/current/spi-spi-exec.html]
[docs.postgresql.fr/current/spi-spi-execute-extended.html]
[docs.postgresql.fr/current/spi-spi-execute-with-args.html]
[docs.postgresql.fr/current/spi-spi-prepare.html]
[docs.postgresql.fr/current/spi-spi-prepare-cursor.html]
[docs.postgresql.fr/current/spi-spi-prepare-extended.html]
[docs.postgresql.fr/current/spi-spi-prepare-params.html]
[docs.postgresql.fr/current/spi-spi-getargcount.html]
[docs.postgresql.fr/current/spi-spi-getargtypeid.html]
[docs.postgresql.fr/current/spi-spi-is-cursor-plan.html]
[docs.postgresql.fr/current/spi-spi-execute-plan.html]
[docs.postgresql.fr/current/spi-spi-execute-plan-extended.html]
[docs.postgresql.fr/current/spi-spi-execute-plan-with-paramlist.html]
[docs.postgresql.fr/current/spi-spi-execp.html]
[docs.postgresql.fr/current/spi-spi-cursor-open.html]
[docs.postgresql.fr/current/spi-spi-cursor-open-with-args.html]
[docs.postgresql.fr/current/spi-spi-cursor-open-with-paramlist.html]
[docs.postgresql.fr/current/spi-spi-cursor-parse-open.html]
[docs.postgresql.fr/current/spi-spi-cursor-find.html]
[docs.postgresql.fr/current/spi-spi-cursor-fetch.html]
[docs.postgresql.fr/current/spi-spi-cursor-move.html]
[docs.postgresql.fr/current/spi-spi-scroll-cursor-fetch.html]
[docs.postgresql.fr/current/spi-spi-scroll-cursor-move.html]
[docs.postgresql.fr/current/spi-spi-cursor-close.html]
[docs.postgresql.fr/current/spi-spi-keepplan.html]
[docs.postgresql.fr/current/spi-spi-saveplan.html]
[docs.postgresql.fr/current/spi-spi-register-relation.html]
[docs.postgresql.fr/current/spi-spi-unregister-relation.html]
[docs.postgresql.fr/current/spi-spi-register-trigger-data.html]
[docs.postgresql.fr/current/spi-spi-fname.html]
[docs.postgresql.fr/current/spi-spi-fnumber.html]
[docs.postgresql.fr/current/spi-spi-getvalue.html]
[docs.postgresql.fr/current/spi-spi-getbinval.html]
[docs.postgresql.fr/current/spi-spi-gettype.html]
[docs.postgresql.fr/current/spi-spi-gettypeid.html]
[docs.postgresql.fr/current/spi-spi-getrelname.html]
[docs.postgresql.fr/current/spi-spi-getnspname.html]
[docs.postgresql.fr/current/spi-spi-result-code-string.html]
[docs.postgresql.fr/current/spi-spi-palloc.html]
[docs.postgresql.fr/current/spi-realloc.html]
[docs.postgresql.fr/current/spi-spi-pfree.html]
[docs.postgresql.fr/current/spi-spi-copytuple.html]
[docs.postgresql.fr/current/spi-spi-returntuple.html]
[docs.postgresql.fr/current/spi-spi-modifytuple.html]
[docs.postgresql.fr/current/spi-spi-freetuple.html]
[docs.postgresql.fr/current/spi-spi-freetupletable.html]
[docs.postgresql.fr/current/spi-spi-freeplan.html]
[docs.postgresql.fr/current/spi-spi-commit.html]
[docs.postgresql.fr/current/spi-spi-rollback.html]
[docs.postgresql.fr/current/spi.html]
[docs.postgresql.fr/current/bgworker.html]
[docs.postgresql.fr/current/spi-spi-start-transaction.html]
[docs.postgresql.fr/current/sql-altertable.html]
[docs.postgresql.fr/current/logicaldecoding.html]
[docs.postgresql.fr/current/protocol-replication.html]
[docs.postgresql.fr/current/catalog-pg-replication-origin.html]
[docs.postgresql.fr/current/replication-origins.html]
[docs.postgresql.fr/current/archive-modules.html]
[docs.postgresql.fr/current/view-pg-replication-origin-status.html]
[docs.postgresql.fr/current/sql-abort.html]
[docs.postgresql.fr/current/sql-alteraggregate.html]
[docs.postgresql.fr/current/sql-altercollation.html]
[docs.postgresql.fr/current/sql-alterconversion.html]
[docs.postgresql.fr/current/sql-alterdatabase.html]
[docs.postgresql.fr/current/sql-alterdefaultprivileges.html]
[docs.postgresql.fr/current/sql-alterdomain.html]
[docs.postgresql.fr/current/sql-altereventtrigger.html]
[docs.postgresql.fr/current/sql-alterextension.html]
[docs.postgresql.fr/current/sql-alterforeigndatawrapper.html]
[docs.postgresql.fr/current/sql-alterforeigntable.html]
[docs.postgresql.fr/current/sql-alterfunction.html]
[docs.postgresql.fr/current/sql-altergroup.html]
[docs.postgresql.fr/current/sql-alterindex.html]
[docs.postgresql.fr/current/sql-alterlanguage.html]
[docs.postgresql.fr/current/sql-alterlargeobject.html]
[docs.postgresql.fr/current/sql-altermaterializedview.html]
[docs.postgresql.fr/current/sql-alteroperator.html]
[docs.postgresql.fr/current/sql-alteropclass.html]
[docs.postgresql.fr/current/sql-alteropfamily.html]
[docs.postgresql.fr/current/sql-alterpolicy.html]
[docs.postgresql.fr/current/sql-alterprocedure.html]
[docs.postgresql.fr/current/sql-alterpublication.html]
[docs.postgresql.fr/current/sql-alterrole.html]
[docs.postgresql.fr/current/sql-alterroutine.html]
[docs.postgresql.fr/current/sql-alterrule.html]
[docs.postgresql.fr/current/sql-alterschema.html]
[docs.postgresql.fr/current/sql-altersequence.html]
[docs.postgresql.fr/current/sql-alterserver.html]
[docs.postgresql.fr/current/sql-alterstatistics.html]
[docs.postgresql.fr/current/sql-altersubscription.html]
[docs.postgresql.fr/current/sql-altersystem.html]
[docs.postgresql.fr/current/sql-altertablespace.html]
[docs.postgresql.fr/current/sql-altertsconfig.html]
[docs.postgresql.fr/current/sql-altertsdictionary.html]
[docs.postgresql.fr/current/sql-altertsparser.html]
[docs.postgresql.fr/current/sql-altertstemplate.html]
[docs.postgresql.fr/current/sql-altertrigger.html]
[docs.postgresql.fr/current/sql-altertype.html]
[docs.postgresql.fr/current/sql-alteruser.html]
[docs.postgresql.fr/current/sql-alterusermapping.html]
[docs.postgresql.fr/current/sql-alterview.html]
[docs.postgresql.fr/current/sql-analyze.html]
[docs.postgresql.fr/current/sql-begin.html]
[docs.postgresql.fr/current/sql-call.html]
[docs.postgresql.fr/current/sql-checkpoint.html]
[docs.postgresql.fr/current/sql-close.html]
[docs.postgresql.fr/current/sql-cluster.html]
[docs.postgresql.fr/current/sql-comment.html]
[docs.postgresql.fr/current/sql-commit.html]
[docs.postgresql.fr/current/sql-commit-prepared.html]
[docs.postgresql.fr/current/sql-copy.html]
[docs.postgresql.fr/current/sql-create-access-method.html]
[docs.postgresql.fr/current/sql-createaggregate.html]
[docs.postgresql.fr/current/sql-createcast.html]
[docs.postgresql.fr/current/sql-createcollation.html]
[docs.postgresql.fr/current/sql-createconversion.html]
[docs.postgresql.fr/current/sql-createdatabase.html]
[docs.postgresql.fr/current/sql-createdomain.html]
[docs.postgresql.fr/current/sql-createeventtrigger.html]
[docs.postgresql.fr/current/sql-createextension.html]
[docs.postgresql.fr/current/sql-createforeigndatawrapper.html]
[docs.postgresql.fr/current/sql-createforeigntable.html]
[docs.postgresql.fr/current/sql-createfunction.html]
[docs.postgresql.fr/current/sql-creategroup.html]
[docs.postgresql.fr/current/sql-createindex.html]
[docs.postgresql.fr/current/sql-createlanguage.html]
[docs.postgresql.fr/current/sql-creatematerializedview.html]
[docs.postgresql.fr/current/sql-createoperator.html]
[docs.postgresql.fr/current/sql-createopclass.html]
[docs.postgresql.fr/current/sql-createopfamily.html]
[docs.postgresql.fr/current/sql-createpolicy.html]
[docs.postgresql.fr/current/sql-createprocedure.html]
[docs.postgresql.fr/current/sql-createpublication.html]
[docs.postgresql.fr/current/sql-createrole.html]
[docs.postgresql.fr/current/sql-createrule.html]
[docs.postgresql.fr/current/sql-createschema.html]
[docs.postgresql.fr/current/sql-createsequence.html]
[docs.postgresql.fr/current/sql-createserver.html]
[docs.postgresql.fr/current/sql-createstatistics.html]
[docs.postgresql.fr/current/sql-createsubscription.html]
[docs.postgresql.fr/current/sql-createtable.html]
[docs.postgresql.fr/current/sql-createtableas.html]
[docs.postgresql.fr/current/sql-createtablespace.html]
[docs.postgresql.fr/current/sql-createtsconfig.html]
[docs.postgresql.fr/current/sql-createtsdictionary.html]
[docs.postgresql.fr/current/sql-createtsparser.html]
[docs.postgresql.fr/current/sql-createtstemplate.html]
[docs.postgresql.fr/current/sql-createtransform.html]
[docs.postgresql.fr/current/sql-createtrigger.html]
[docs.postgresql.fr/current/sql-createuser.html]
[docs.postgresql.fr/current/sql-createusermapping.html]
[docs.postgresql.fr/current/sql-deallocate.html]
[docs.postgresql.fr/current/sql-declare.html]
[docs.postgresql.fr/current/sql-delete.html]
[docs.postgresql.fr/current/sql-discard.html]
[docs.postgresql.fr/current/sql-do.html]
[docs.postgresql.fr/current/sql-drop-access-method.html]
[docs.postgresql.fr/current/sql-dropaggregate.html]
[docs.postgresql.fr/current/sql-dropcast.html]
[docs.postgresql.fr/current/sql-dropcollation.html]
[docs.postgresql.fr/current/sql-dropconversion.html]
[docs.postgresql.fr/current/sql-dropdatabase.html]
[docs.postgresql.fr/current/sql-dropdomain.html]
[docs.postgresql.fr/current/sql-dropeventtrigger.html]
[docs.postgresql.fr/current/sql-dropextension.html]
[docs.postgresql.fr/current/sql-dropforeigndatawrapper.html]
[docs.postgresql.fr/current/sql-dropforeigntable.html]
[docs.postgresql.fr/current/sql-dropfunction.html]
[docs.postgresql.fr/current/sql-dropgroup.html]
[docs.postgresql.fr/current/sql-dropindex.html]
[docs.postgresql.fr/current/sql-droplanguage.html]
[docs.postgresql.fr/current/sql-dropmaterializedview.html]
[docs.postgresql.fr/current/sql-dropoperator.html]
[docs.postgresql.fr/current/sql-dropopclass.html]
[docs.postgresql.fr/current/sql-dropopfamily.html]
[docs.postgresql.fr/current/sql-drop-owned.html]
[docs.postgresql.fr/current/sql-droppolicy.html]
[docs.postgresql.fr/current/sql-dropprocedure.html]
[docs.postgresql.fr/current/sql-droppublication.html]
[docs.postgresql.fr/current/sql-droprole.html]
[docs.postgresql.fr/current/sql-droproutine.html]
[docs.postgresql.fr/current/sql-droprule.html]
[docs.postgresql.fr/current/sql-dropschema.html]
[docs.postgresql.fr/current/sql-dropsequence.html]
[docs.postgresql.fr/current/sql-dropserver.html]
[docs.postgresql.fr/current/sql-dropstatistics.html]
[docs.postgresql.fr/current/sql-dropsubscription.html]
[docs.postgresql.fr/current/sql-droptable.html]
[docs.postgresql.fr/current/sql-droptablespace.html]
[docs.postgresql.fr/current/sql-droptsconfig.html]
[docs.postgresql.fr/current/sql-droptsdictionary.html]
[docs.postgresql.fr/current/sql-droptsparser.html]
[docs.postgresql.fr/current/sql-droptstemplate.html]
[docs.postgresql.fr/current/sql-droptransform.html]
[docs.postgresql.fr/current/sql-droptrigger.html]
[docs.postgresql.fr/current/sql-droptype.html]
[docs.postgresql.fr/current/sql-dropuser.html]
[docs.postgresql.fr/current/sql-dropusermapping.html]
[docs.postgresql.fr/current/sql-dropview.html]
[docs.postgresql.fr/current/sql-end.html]
[docs.postgresql.fr/current/sql-execute.html]
[docs.postgresql.fr/current/sql-fetch.html]
[docs.postgresql.fr/current/sql-grant.html]
[docs.postgresql.fr/current/sql-importforeignschema.html]
[docs.postgresql.fr/current/sql-insert.html]
[docs.postgresql.fr/current/sql-listen.html]
[docs.postgresql.fr/current/sql-load.html]
[docs.postgresql.fr/current/sql-lock.html]
[docs.postgresql.fr/current/sql-merge.html]
[docs.postgresql.fr/current/sql-move.html]
[docs.postgresql.fr/current/sql-notify.html]
[docs.postgresql.fr/current/sql-prepare.html]
[docs.postgresql.fr/current/sql-prepare-transaction.html]
[docs.postgresql.fr/current/sql-reassign-owned.html]
[docs.postgresql.fr/current/sql-refreshmaterializedview.html]
[docs.postgresql.fr/current/sql-reindex.html]
[docs.postgresql.fr/current/sql-release-savepoint.html]
[docs.postgresql.fr/current/sql-reset.html]
[docs.postgresql.fr/current/sql-revoke.html]
[docs.postgresql.fr/current/sql-rollback.html]
[docs.postgresql.fr/current/sql-rollback-prepared.html]
[docs.postgresql.fr/current/sql-rollback-to.html]
[docs.postgresql.fr/current/sql-savepoint.html]
[docs.postgresql.fr/current/sql-security-label.html]
[docs.postgresql.fr/current/sql-select.html]
[docs.postgresql.fr/current/sql-selectinto.html]
[docs.postgresql.fr/current/sql-set.html]
[docs.postgresql.fr/current/sql-set-constraints.html]
[docs.postgresql.fr/current/sql-set-role.html]
[docs.postgresql.fr/current/sql-set-session-authorization.html]
[docs.postgresql.fr/current/sql-set-transaction.html]
[docs.postgresql.fr/current/sql-show.html]
[docs.postgresql.fr/current/sql-start-transaction.html]
[docs.postgresql.fr/current/sql-truncate.html]
[docs.postgresql.fr/current/sql-unlisten.html]
[docs.postgresql.fr/current/sql-update.html]
[docs.postgresql.fr/current/sql-vacuum.html]
[docs.postgresql.fr/current/sql-values.html]
[docs.postgresql.fr/current/app-clusterdb.html]
[docs.postgresql.fr/current/app-createdb.html]
[docs.postgresql.fr/current/app-createuser.html]
[docs.postgresql.fr/current/app-dropdb.html]
[docs.postgresql.fr/current/app-dropuser.html]
[docs.postgresql.fr/current/app-ecpg.html]
[docs.postgresql.fr/current/app-pgamcheck.html]
[docs.postgresql.fr/current/app-pgbasebackup.html]
[docs.postgresql.fr/current/pgbench.html]
[docs.postgresql.fr/current/app-pgcombinebackup.html]
[docs.postgresql.fr/current/app-pgconfig.html]
[docs.postgresql.fr/current/app-pgdump.html]
[docs.postgresql.fr/current/app-pg-dumpall.html]
[docs.postgresql.fr/current/app-pg-isready.html]
[docs.postgresql.fr/current/app-pgreceivewal.html]
[docs.postgresql.fr/current/app-pgrecvlogical.html]
[docs.postgresql.fr/current/app-pgrestore.html]
[docs.postgresql.fr/current/app-pgverifybackup.html]
[docs.postgresql.fr/current/app-reindexdb.html]
[docs.postgresql.fr/current/app-psql.html]
[docs.postgresql.fr/current/app-vacuumdb.html]
[docs.postgresql.fr/current/app-initdb.html]
[docs.postgresql.fr/current/pgarchivecleanup.html]
[docs.postgresql.fr/current/app-pgchecksums.html]
[docs.postgresql.fr/current/app-pgcontroldata.html]
[docs.postgresql.fr/current/app-pgcreatesubscriber.html]
[docs.postgresql.fr/current/app-pg-ctl.html]
[docs.postgresql.fr/current/app-pgresetwal.html]
[docs.postgresql.fr/current/app-pgrewind.html]
[docs.postgresql.fr/current/pgtestfsync.html]
[docs.postgresql.fr/current/pgtesttiming.html]
[docs.postgresql.fr/current/pgupgrade.html]
[docs.postgresql.fr/current/pgwaldump.html]
[docs.postgresql.fr/current/app-pgwalsummary.html]
[docs.postgresql.fr/current/reference.html]
[docs.postgresql.fr/current/sql-commands.html]
[docs.postgresql.fr/current/reference-client.html]
[docs.postgresql.fr/current/reference-server.html]
[docs.postgresql.fr/current/app-postgres.html]
[docs.postgresql.fr/current/query-path.html]
[docs.postgresql.fr/current/connect-estab.html]
[docs.postgresql.fr/current/parser-stage.html]
[docs.postgresql.fr/current/rule-system.html]
[docs.postgresql.fr/current/planner-optimizer.html]
[docs.postgresql.fr/current/executor.html]
[docs.postgresql.fr/current/catalogs-overview.html]
[docs.postgresql.fr/current/catalog-pg-aggregate.html]
[docs.postgresql.fr/current/catalog-pg-am.html]
[docs.postgresql.fr/current/catalog-pg-amop.html]
[docs.postgresql.fr/current/catalog-pg-amproc.html]
[docs.postgresql.fr/current/catalog-pg-attrdef.html]
[docs.postgresql.fr/current/catalog-pg-attribute.html]
[docs.postgresql.fr/current/catalog-pg-authid.html]
[docs.postgresql.fr/current/catalog-pg-auth-members.html]
[docs.postgresql.fr/current/catalog-pg-cast.html]
[docs.postgresql.fr/current/catalog-pg-class.html]
[docs.postgresql.fr/current/catalog-pg-collation.html]
[docs.postgresql.fr/current/catalog-pg-constraint.html]
[docs.postgresql.fr/current/catalog-pg-conversion.html]
[docs.postgresql.fr/current/catalog-pg-database.html]
[docs.postgresql.fr/current/catalog-pg-db-role-setting.html]
[docs.postgresql.fr/current/catalog-pg-default-acl.html]
[docs.postgresql.fr/current/catalog-pg-depend.html]
[docs.postgresql.fr/current/catalog-pg-description.html]
[docs.postgresql.fr/current/catalog-pg-enum.html]
[docs.postgresql.fr/current/catalog-pg-event-trigger.html]
[docs.postgresql.fr/current/catalog-pg-extension.html]
[docs.postgresql.fr/current/catalog-pg-foreign-data-wrapper.html]
[docs.postgresql.fr/current/catalog-pg-foreign-server.html]
[docs.postgresql.fr/current/catalog-pg-foreign-table.html]
[docs.postgresql.fr/current/catalog-pg-index.html]
[docs.postgresql.fr/current/catalog-pg-inherits.html]
[docs.postgresql.fr/current/catalog-pg-init-privs.html]
[docs.postgresql.fr/current/catalog-pg-language.html]
[docs.postgresql.fr/current/catalog-pg-largeobject.html]
[docs.postgresql.fr/current/catalog-pg-largeobject-metadata.html]
[docs.postgresql.fr/current/catalog-pg-namespace.html]
[docs.postgresql.fr/current/catalog-pg-opclass.html]
[docs.postgresql.fr/current/catalog-pg-operator.html]
[docs.postgresql.fr/current/catalog-pg-opfamily.html]
[docs.postgresql.fr/current/catalog-pg-parameter-acl.html]
[docs.postgresql.fr/current/catalog-pg-partitioned-table.html]
[docs.postgresql.fr/current/catalog-pg-policy.html]
[docs.postgresql.fr/current/catalog-pg-proc.html]
[docs.postgresql.fr/current/catalog-pg-publication.html]
[docs.postgresql.fr/current/catalog-pg-publication-namespace.html]
[docs.postgresql.fr/current/catalog-pg-publication-rel.html]
[docs.postgresql.fr/current/catalog-pg-range.html]
[docs.postgresql.fr/current/catalog-pg-rewrite.html]
[docs.postgresql.fr/current/catalog-pg-seclabel.html]
[docs.postgresql.fr/current/catalog-pg-sequence.html]
[docs.postgresql.fr/current/catalog-pg-shdepend.html]
[docs.postgresql.fr/current/catalog-pg-shdescription.html]
[docs.postgresql.fr/current/catalog-pg-shseclabel.html]
[docs.postgresql.fr/current/catalog-pg-statistic.html]
[docs.postgresql.fr/current/catalog-pg-statistic-ext.html]
[docs.postgresql.fr/current/catalog-pg-statistic-ext-data.html]
[docs.postgresql.fr/current/catalog-pg-subscription.html]
[docs.postgresql.fr/current/catalog-pg-subscription-rel.html]
[docs.postgresql.fr/current/catalog-pg-tablespace.html]
[docs.postgresql.fr/current/catalog-pg-transform.html]
[docs.postgresql.fr/current/catalog-pg-trigger.html]
[docs.postgresql.fr/current/catalog-pg-ts-config.html]
[docs.postgresql.fr/current/catalog-pg-ts-config-map.html]
[docs.postgresql.fr/current/catalog-pg-ts-dict.html]
[docs.postgresql.fr/current/catalog-pg-ts-parser.html]
[docs.postgresql.fr/current/catalog-pg-ts-template.html]
[docs.postgresql.fr/current/catalog-pg-type.html]
[docs.postgresql.fr/current/catalog-pg-user-mapping.html]
[docs.postgresql.fr/current/views-overview.html]
[docs.postgresql.fr/current/view-pg-available-extensions.html]
[docs.postgresql.fr/current/view-pg-available-extension-versions.html]
[docs.postgresql.fr/current/view-pg-backend-memory-contexts.html]
[docs.postgresql.fr/current/view-pg-config.html]
[docs.postgresql.fr/current/view-pg-cursors.html]
[docs.postgresql.fr/current/view-pg-file-settings.html]
[docs.postgresql.fr/current/view-pg-group.html]
[docs.postgresql.fr/current/view-pg-hba-file-rules.html]
[docs.postgresql.fr/current/view-pg-ident-file-mappings.html]
[docs.postgresql.fr/current/view-pg-indexes.html]
[docs.postgresql.fr/current/view-pg-locks.html]
[docs.postgresql.fr/current/view-pg-matviews.html]
[docs.postgresql.fr/current/view-pg-policies.html]
[docs.postgresql.fr/current/view-pg-prepared-statements.html]
[docs.postgresql.fr/current/view-pg-prepared-xacts.html]
[docs.postgresql.fr/current/view-pg-publication-tables.html]
[docs.postgresql.fr/current/view-pg-replication-slots.html]
[docs.postgresql.fr/current/view-pg-roles.html]
[docs.postgresql.fr/current/view-pg-rules.html]
[docs.postgresql.fr/current/view-pg-seclabels.html]
[docs.postgresql.fr/current/view-pg-sequences.html]
[docs.postgresql.fr/current/view-pg-settings.html]
[docs.postgresql.fr/current/view-pg-shadow.html]
[docs.postgresql.fr/current/view-pg-shmem-allocations.html]
[docs.postgresql.fr/current/view-pg-stats.html]
[docs.postgresql.fr/current/view-pg-stats-ext.html]
[docs.postgresql.fr/current/view-pg-stats-ext-exprs.html]
[docs.postgresql.fr/current/view-pg-tables.html]
[docs.postgresql.fr/current/view-pg-timezone-abbrevs.html]
[docs.postgresql.fr/current/view-pg-timezone-names.html]
[docs.postgresql.fr/current/view-pg-user.html]
[docs.postgresql.fr/current/view-pg-user-mappings.html]
[docs.postgresql.fr/current/view-pg-views.html]
[docs.postgresql.fr/current/view-pg-wait-events.html]
[docs.postgresql.fr/current/protocol-overview.html]
[docs.postgresql.fr/current/protocol-flow.html]
[docs.postgresql.fr/current/sasl-authentication.html]
[docs.postgresql.fr/current/protocol-logical-replication.html]
[docs.postgresql.fr/current/protocol-message-types.html]
[docs.postgresql.fr/current/protocol-message-formats.html]
[docs.postgresql.fr/current/protocol-error-fields.html]
[docs.postgresql.fr/current/protocol-logicalrep-message-formats.html]
[docs.postgresql.fr/current/protocol-changes.html]
[docs.postgresql.fr/current/source-format.html]
[docs.postgresql.fr/current/error-message-reporting.html]
[docs.postgresql.fr/current/error-style-guide.html]
[docs.postgresql.fr/current/source-conventions.html]
[docs.postgresql.fr/current/nls-translator.html]
[docs.postgresql.fr/current/nls-programmer.html]
[docs.postgresql.fr/current/fdw-functions.html]
[docs.postgresql.fr/current/fdw-callbacks.html]
[docs.postgresql.fr/current/fdw-helpers.html]
[docs.postgresql.fr/current/fdw-planning.html]
[docs.postgresql.fr/current/fdw-row-locking.html]
[docs.postgresql.fr/current/tablesample-support-functions.html]
[docs.postgresql.fr/current/custom-scan-path.html]
[docs.postgresql.fr/current/custom-scan-plan.html]
[docs.postgresql.fr/current/custom-scan-execution.html]
[docs.postgresql.fr/current/geqo-intro.html]
[docs.postgresql.fr/current/geqo-intro2.html]
[docs.postgresql.fr/current/geqo-pg-intro.html]
[docs.postgresql.fr/current/geqo-biblio.html]
[docs.postgresql.fr/current/index-api.html]
[docs.postgresql.fr/current/index-functions.html]
[docs.postgresql.fr/current/index-scanning.html]
[docs.postgresql.fr/current/index-locking.html]
[docs.postgresql.fr/current/index-unique-checks.html]
[docs.postgresql.fr/current/index-cost-estimation.html]
[docs.postgresql.fr/current/generic-wal.html]
[docs.postgresql.fr/current/custom-rmgr.html]
[docs.postgresql.fr/current/btree.html]
[docs.postgresql.fr/current/gist.html]
[docs.postgresql.fr/current/spgist.html]
[docs.postgresql.fr/current/gin.html]
[docs.postgresql.fr/current/brin.html]
[docs.postgresql.fr/current/hash-index.html]
[docs.postgresql.fr/current/storage-file-layout.html]
[docs.postgresql.fr/current/storage-toast.html]
[docs.postgresql.fr/current/storage-fsm.html]
[docs.postgresql.fr/current/storage-vm.html]
[docs.postgresql.fr/current/storage-init.html]
[docs.postgresql.fr/current/storage-page-layout.html]
[docs.postgresql.fr/current/storage-hot.html]
[docs.postgresql.fr/current/transaction-id.html]
[docs.postgresql.fr/current/xact-locking.html]
[docs.postgresql.fr/current/subxacts.html]
[docs.postgresql.fr/current/two-phase.html]
[docs.postgresql.fr/current/system-catalog-declarations.html]
[docs.postgresql.fr/current/system-catalog-initial-data.html]
[docs.postgresql.fr/current/bki-format.html]
[docs.postgresql.fr/current/bki-commands.html]
[docs.postgresql.fr/current/bki-structure.html]
[docs.postgresql.fr/current/bki-example.html]
[docs.postgresql.fr/current/row-estimation-examples.html]
[docs.postgresql.fr/current/multivariate-statistics-examples.html]
[docs.postgresql.fr/current/planner-stats-security.html]
[docs.postgresql.fr/current/backup-manifest-toplevel.html]
[docs.postgresql.fr/current/backup-manifest-files.html]
[docs.postgresql.fr/current/internals.html]
[docs.postgresql.fr/current/overview.html]
[docs.postgresql.fr/current/catalogs.html]
[docs.postgresql.fr/current/views.html]
[docs.postgresql.fr/current/protocol.html]
[docs.postgresql.fr/current/source.html]
[docs.postgresql.fr/current/nls.html]
[docs.postgresql.fr/current/plhandler.html]
[docs.postgresql.fr/current/fdwhandler.html]
[docs.postgresql.fr/current/tablesample-method.html]
[docs.postgresql.fr/current/custom-scan.html]
[docs.postgresql.fr/current/geqo.html]
[docs.postgresql.fr/current/tableam.html]
[docs.postgresql.fr/current/indexam.html]
[docs.postgresql.fr/current/wal-for-extensions.html]
[docs.postgresql.fr/current/indextypes.html]
[docs.postgresql.fr/current/storage.html]
[docs.postgresql.fr/current/transactions.html]
[docs.postgresql.fr/current/bki.html]
[docs.postgresql.fr/current/planner-stats-details.html]
[docs.postgresql.fr/current/backup-manifest-format.html]
[docs.postgresql.fr/current/backup-manifest-wal-ranges.html]
[docs.postgresql.fr/current/datetime-input-rules.html]
[docs.postgresql.fr/current/datetime-invalid-input.html]
[docs.postgresql.fr/current/datetime-keywords.html]
[docs.postgresql.fr/current/datetime-config-files.html]
[docs.postgresql.fr/current/datetime-posix-timezone-specs.html]
[docs.postgresql.fr/current/datetime-units-history.html]
[docs.postgresql.fr/current/datetime-julian-dates.html]
[docs.postgresql.fr/current/features-sql-standard.html]
[docs.postgresql.fr/current/unsupported-features-sql-standard.html]
[docs.postgresql.fr/current/xml-limits-conformance.html]
[docs.postgresql.fr/current/release-17-10.html]
[docs.postgresql.fr/current/release-17-9.html]
[docs.postgresql.fr/current/release-17-8.html]
[docs.postgresql.fr/current/release-17-7.html]
[docs.postgresql.fr/current/release-17-6.html]
[docs.postgresql.fr/current/release-17-5.html]
[docs.postgresql.fr/current/release-17-4.html]
[docs.postgresql.fr/current/release-17-3.html]
[docs.postgresql.fr/current/release-17-2.html]
[docs.postgresql.fr/current/release-17-1.html]
[docs.postgresql.fr/current/release-prior.html]
[docs.postgresql.fr/current/release-17.html]
[docs.postgresql.fr/current/amcheck.html]
[docs.postgresql.fr/current/auth-delay.html]
[docs.postgresql.fr/current/auto-explain.html]
[docs.postgresql.fr/current/basebackup-to-shell.html]
[docs.postgresql.fr/current/basic-archive.html]
[docs.postgresql.fr/current/bloom.html]
[docs.postgresql.fr/current/btree-gin.html]
[docs.postgresql.fr/current/btree-gist.html]
[docs.postgresql.fr/current/citext.html]
[docs.postgresql.fr/current/cube.html]
[docs.postgresql.fr/current/dblink.html]
[docs.postgresql.fr/current/dict-int.html]
[docs.postgresql.fr/current/dict-xsyn.html]
[docs.postgresql.fr/current/earthdistance.html]
[docs.postgresql.fr/current/file-fdw.html]
[docs.postgresql.fr/current/fuzzystrmatch.html]
[docs.postgresql.fr/current/hstore.html]
[docs.postgresql.fr/current/intagg.html]
[docs.postgresql.fr/current/intarray.html]
[docs.postgresql.fr/current/isn.html]
[docs.postgresql.fr/current/lo.html]
[docs.postgresql.fr/current/ltree.html]
[docs.postgresql.fr/current/pageinspect.html]
[docs.postgresql.fr/current/passwordcheck.html]
[docs.postgresql.fr/current/pgbuffercache.html]
[docs.postgresql.fr/current/pgcrypto.html]
[docs.postgresql.fr/current/pgfreespacemap.html]
[docs.postgresql.fr/current/pgprewarm.html]
[docs.postgresql.fr/current/pgrowlocks.html]
[docs.postgresql.fr/current/pgstatstatements.html]
[docs.postgresql.fr/current/pgstattuple.html]
[docs.postgresql.fr/current/pgsurgery.html]
[docs.postgresql.fr/current/pgtrgm.html]
[docs.postgresql.fr/current/pgvisibility.html]
[docs.postgresql.fr/current/pgwalinspect.html]
[docs.postgresql.fr/current/postgres-fdw.html]
[docs.postgresql.fr/current/seg.html]
[docs.postgresql.fr/current/sepgsql.html]
[docs.postgresql.fr/current/contrib-spi.html]
[docs.postgresql.fr/current/sslinfo.html]
[docs.postgresql.fr/current/tablefunc.html]
[docs.postgresql.fr/current/tcn.html]
[docs.postgresql.fr/current/test-decoding.html]
[docs.postgresql.fr/current/tsm-system-rows.html]
[docs.postgresql.fr/current/tsm-system-time.html]
[docs.postgresql.fr/current/unaccent.html]
[docs.postgresql.fr/current/uuid-ossp.html]
[docs.postgresql.fr/current/xml2.html]
[docs.postgresql.fr/current/contrib-prog-client.html]
[docs.postgresql.fr/current/contrib-prog-server.html]
[docs.postgresql.fr/current/external-interfaces.html]
[docs.postgresql.fr/current/external-admin-tools.html]
[docs.postgresql.fr/current/external-pl.html]
[docs.postgresql.fr/current/external-extensions.html]
[docs.postgresql.fr/current/git.html]
[docs.postgresql.fr/current/docguide-docbook.html]
[docs.postgresql.fr/current/docguide-toolsets.html]
[docs.postgresql.fr/current/docguide-build.html]
[docs.postgresql.fr/current/docguide-build-meson.html]
[docs.postgresql.fr/current/docguide-authoring.html]
[docs.postgresql.fr/current/docguide-style.html]
[docs.postgresql.fr/current/color-when.html]
[docs.postgresql.fr/current/color-which.html]
[docs.postgresql.fr/current/recovery-config.html]
[docs.postgresql.fr/current/default-roles.html]
[docs.postgresql.fr/current/pgxlogdump.html]
[docs.postgresql.fr/current/app-pgresetxlog.html]
[docs.postgresql.fr/current/appendixes.html]
[docs.postgresql.fr/current/errcodes-appendix.html]
[docs.postgresql.fr/current/datetime-appendix.html]
[docs.postgresql.fr/current/sql-keywords-appendix.html]
[docs.postgresql.fr/current/features.html]
[docs.postgresql.fr/current/release.html]
[docs.postgresql.fr/current/app-pgreceivexlog.html]
[docs.postgresql.fr/current/contrib-dblink-connect.html]
[docs.postgresql.fr/current/contrib-dblink-connect-u.html]
[docs.postgresql.fr/current/contrib-dblink-disconnect.html]
[docs.postgresql.fr/current/contrib-dblink-function.html]
[docs.postgresql.fr/current/contrib-dblink-exec.html]
[docs.postgresql.fr/current/contrib-dblink-open.html]
[docs.postgresql.fr/current/contrib-dblink-fetch.html]
[docs.postgresql.fr/current/contrib-dblink-close.html]
[docs.postgresql.fr/current/contrib-dblink-get-connections.html]
[docs.postgresql.fr/current/contrib-dblink-error-message.html]
[docs.postgresql.fr/current/contrib-dblink-send-query.html]
[docs.postgresql.fr/current/contrib-dblink-is-busy.html]
[docs.postgresql.fr/current/contrib-dblink-get-notify.html]
[docs.postgresql.fr/current/contrib-dblink-get-result.html]
[docs.postgresql.fr/current/contrib-dblink-cancel-query.html]
[docs.postgresql.fr/current/contrib-dblink-get-pkey.html]
[docs.postgresql.fr/current/contrib-dblink-build-sql-insert.html]
[docs.postgresql.fr/current/contrib-dblink-build-sql-delete.html]
[docs.postgresql.fr/current/contrib.html]
[docs.postgresql.fr/current/contrib-dblink-build-sql-update.html]
[docs.postgresql.fr/current/oid2name.html]
[docs.postgresql.fr/current/contrib-prog.html]
[docs.postgresql.fr/current/external-projects.html]
[docs.postgresql.fr/current/sourcerepo.html]
[docs.postgresql.fr/current/docguide.html]
[docs.postgresql.fr/current/limits.html]
[docs.postgresql.fr/current/acronyms.html]
[docs.postgresql.fr/current/glossary.html]
[docs.postgresql.fr/current/color.html]
[docs.postgresql.fr/current/appendix-obsolete.html]
[docs.postgresql.fr/current/frenchtranslation.html]
[docs.postgresql.fr/current/biblio.html]
[docs.postgresql.fr/current/vacuumlo.html]
[docs.postgresql.fr/current/bookindex.html]
[www.postgresql.org/media/css/fontawesome.css]
[www.postgresql.org/media/css/bootstrap-4.4.1.min.css]
[www.postgresql.org/media/css/open-sans-woff.css]
[www.postgresql.org/media/css/open-sans-woff2.css]
[www.postgresql.org/media/img/feature/feature_elephant.png]
[www.postgresql.org/media/img/misc/banner.jpg]
[www.postgresql.org/media/img/misc/bugs.jpg]
[www.postgresql.org/media/img/misc/training.jpg]
[www.postgresql.org/media/css/main.css]
[www.postgresql.org/media/css/normalize.css]
[docs.postgresql.fr/current/index-2.html]
[docs.postgresql.fr/current/ddl-constraints.html]
[docs.postgresql.fr/current/sql-createview.html]
[docs.postgresql.fr/current/transaction-iso.html]
[docs.postgresql.fr/current/functions-aggregate.html]
[docs.postgresql.fr/current/runtime-config-logging.html]
[docs.postgresql.fr/current/tutorial-install.html]
[docs.postgresql.fr/current/tutorial-arch.html]
[docs.postgresql.fr/current/tutorial-createdb.html]
[docs.postgresql.fr/current/tutorial-accessdb.html]
[docs.postgresql.fr/current/tutorial-sql-intro.html]
[docs.postgresql.fr/current/tutorial-concepts.html]
[docs.postgresql.fr/current/tutorial-table.html]
[docs.postgresql.fr/current/tutorial-populate.html]
[docs.postgresql.fr/current/tutorial-select.html]
[docs.postgresql.fr/current/tutorial-join.html]
[docs.postgresql.fr/current/tutorial-agg.html]
[docs.postgresql.fr/current/tutorial-update.html]
[docs.postgresql.fr/current/tutorial-delete.html]
[docs.postgresql.fr/current/tutorial-advanced-intro.html]
[docs.postgresql.fr/current/tutorial-views.html]
[docs.postgresql.fr/current/tutorial-fk.html]
[docs.postgresql.fr/current/tutorial-transactions.html]
[docs.postgresql.fr/current/tutorial-window.html]
[docs.postgresql.fr/current/tutorial-inheritance.html]
[docs.postgresql.fr/current/tutorial-conclusion.html]
[docs.postgresql.fr/current/sql-syntax-lexical.html]
[docs.postgresql.fr/current/sql-expressions.html]
[docs.postgresql.fr/current/sql-syntax-calling-funcs.html]
[docs.postgresql.fr/current/ddl-basics.html]
[docs.postgresql.fr/current/ddl-default.html]
[docs.postgresql.fr/current/ddl-identity-columns.html]
[docs.postgresql.fr/current/ddl-generated-columns.html]
[docs.postgresql.fr/current/ddl-system-columns.html]
[docs.postgresql.fr/current/ddl-alter.html]
[docs.postgresql.fr/current/ddl-priv.html]
[docs.postgresql.fr/current/ddl-rowsecurity.html]
[docs.postgresql.fr/current/ddl-schemas.html]
[docs.postgresql.fr/current/ddl-inherit.html]
[docs.postgresql.fr/current/ddl-partitioning.html]
[docs.postgresql.fr/current/ddl-foreign-data.html]
[docs.postgresql.fr/current/ddl-others.html]
[docs.postgresql.fr/current/ddl-depend.html]
[docs.postgresql.fr/current/dml-insert.html]
[docs.postgresql.fr/current/dml-update.html]
[docs.postgresql.fr/current/dml-delete.html]
[docs.postgresql.fr/current/dml-returning.html]
[docs.postgresql.fr/current/queries-overview.html]
[docs.postgresql.fr/current/queries-table-expressions.html]
[docs.postgresql.fr/current/queries-select-lists.html]
[docs.postgresql.fr/current/queries-union.html]
[docs.postgresql.fr/current/queries-order.html]
[docs.postgresql.fr/current/queries-limit.html]
[docs.postgresql.fr/current/queries-values.html]
[docs.postgresql.fr/current/queries-with.html]
[docs.postgresql.fr/current/datatype-numeric.html]
[docs.postgresql.fr/current/datatype-money.html]
[docs.postgresql.fr/current/datatype-character.html]
[docs.postgresql.fr/current/datatype-binary.html]
[docs.postgresql.fr/current/datatype-datetime.html]
[docs.postgresql.fr/current/datatype-boolean.html]
[docs.postgresql.fr/current/datatype-enum.html]
[docs.postgresql.fr/current/datatype-geometric.html]
[docs.postgresql.fr/current/datatype-net-types.html]
[docs.postgresql.fr/current/datatype-bit.html]
[docs.postgresql.fr/current/datatype-textsearch.html]
[docs.postgresql.fr/current/datatype-uuid.html]
[docs.postgresql.fr/current/datatype-xml.html]
[docs.postgresql.fr/current/datatype-json.html]
[docs.postgresql.fr/current/arrays.html]
[docs.postgresql.fr/current/rowtypes.html]
[docs.postgresql.fr/current/rangetypes.html]
[docs.postgresql.fr/current/domains.html]
[docs.postgresql.fr/current/datatype-oid.html]
[docs.postgresql.fr/current/datatype-pg-lsn.html]
[docs.postgresql.fr/current/datatype-pseudo.html]
[docs.postgresql.fr/current/functions-logical.html]
[docs.postgresql.fr/current/functions-comparison.html]
[docs.postgresql.fr/current/functions-math.html]
[docs.postgresql.fr/current/functions-string.html]
[docs.postgresql.fr/current/functions-binarystring.html]
[docs.postgresql.fr/current/functions-bitstring.html]
[docs.postgresql.fr/current/functions-matching.html]
[docs.postgresql.fr/current/functions-formatting.html]
[docs.postgresql.fr/current/functions-datetime.html]
[docs.postgresql.fr/current/functions-enum.html]
[docs.postgresql.fr/current/functions-geometry.html]
[docs.postgresql.fr/current/functions-net.html]
[docs.postgresql.fr/current/functions-textsearch.html]
[docs.postgresql.fr/current/functions-uuid.html]
[docs.postgresql.fr/current/functions-xml.html]
[docs.postgresql.fr/current/functions-json.html]
[docs.postgresql.fr/current/functions-sequence.html]
[docs.postgresql.fr/current/functions-conditional.html]
[docs.postgresql.fr/current/functions-array.html]
[docs.postgresql.fr/current/functions-range.html]
[docs.postgresql.fr/current/functions-window.html]
[docs.postgresql.fr/current/functions-merge-support.html]
[docs.postgresql.fr/current/functions-subquery.html]
[docs.postgresql.fr/current/functions-comparisons.html]
[docs.postgresql.fr/current/functions-srf.html]
[docs.postgresql.fr/current/functions-info.html]
[docs.postgresql.fr/current/functions-admin.html]
[docs.postgresql.fr/current/functions-trigger.html]
[docs.postgresql.fr/current/functions-event-triggers.html]
[docs.postgresql.fr/current/functions-statistics.html]
[docs.postgresql.fr/current/typeconv-overview.html]
[docs.postgresql.fr/current/typeconv-oper.html]
[docs.postgresql.fr/current/typeconv-func.html]
[docs.postgresql.fr/current/typeconv-query.html]
[docs.postgresql.fr/current/typeconv-union-case.html]
[docs.postgresql.fr/current/typeconv-select.html]
[docs.postgresql.fr/current/index-intro.html]
[docs.postgresql.fr/current/indexes-types.html]
[docs.postgresql.fr/current/indexes-multicolumn.html]
[docs.postgresql.fr/current/indexes-ordering.html]
[docs.postgresql.fr/current/indexes-bitmap-scans.html]
[docs.postgresql.fr/current/indexes-unique.html]
[docs.postgresql.fr/current/indexes-expressional.html]
[docs.postgresql.fr/current/indexes-partial.html]
[docs.postgresql.fr/current/indexes-index-only-scans.html]
[docs.postgresql.fr/current/indexes-opclass.html]
[docs.postgresql.fr/current/indexes-collations.html]
[docs.postgresql.fr/current/indexes-examine.html]
[docs.postgresql.fr/current/textsearch-intro.html]
[docs.postgresql.fr/current/textsearch-tables.html]
[docs.postgresql.fr/current/textsearch-controls.html]
[docs.postgresql.fr/current/textsearch-features.html]
[docs.postgresql.fr/current/textsearch-parsers.html]
[docs.postgresql.fr/current/textsearch-dictionaries.html]
[docs.postgresql.fr/current/textsearch-configuration.html]
[docs.postgresql.fr/current/textsearch-debugging.html]
[docs.postgresql.fr/current/textsearch-indexes.html]
[docs.postgresql.fr/current/textsearch-psql.html]
[docs.postgresql.fr/current/textsearch-limitations.html]
[docs.postgresql.fr/current/mvcc-intro.html]
[docs.postgresql.fr/current/explicit-locking.html]
[docs.postgresql.fr/current/applevel-consistency.html]
[docs.postgresql.fr/current/mvcc-serialization-failure-handling.html]
[docs.postgresql.fr/current/mvcc-caveats.html]
[docs.postgresql.fr/current/locking-indexes.html]
[docs.postgresql.fr/current/using-explain.html]
[docs.postgresql.fr/current/planner-stats.html]
[docs.postgresql.fr/current/explicit-joins.html]
[docs.postgresql.fr/current/populate.html]
[docs.postgresql.fr/current/non-durability.html]
[docs.postgresql.fr/current/how-parallel-query-works.html]
[docs.postgresql.fr/current/when-can-parallel-query-be-used.html]
[docs.postgresql.fr/current/parallel-plans.html]
[docs.postgresql.fr/current/parallel-safety.html]
[docs.postgresql.fr/current/sql-createtype.html]
[docs.postgresql.fr/current/install-requirements.html]
[docs.postgresql.fr/current/install-getsource.html]
[docs.postgresql.fr/current/install-make.html]
[docs.postgresql.fr/current/install-meson.html]
[docs.postgresql.fr/current/install-post.html]
[docs.postgresql.fr/current/supported-platforms.html]
[docs.postgresql.fr/current/installation-platform-notes.html]
[docs.postgresql.fr/current/postgres-user.html]
[docs.postgresql.fr/current/creating-cluster.html]
[docs.postgresql.fr/current/server-start.html]
[docs.postgresql.fr/current/kernel-resources.html]
[docs.postgresql.fr/current/server-shutdown.html]
[docs.postgresql.fr/current/upgrading.html]
[docs.postgresql.fr/current/preventing-server-spoofing.html]
[docs.postgresql.fr/current/encryption-options.html]
[docs.postgresql.fr/current/ssl-tcp.html]
[docs.postgresql.fr/current/gssapi-enc.html]
[docs.postgresql.fr/current/ssh-tunnels.html]
[docs.postgresql.fr/current/event-log-registration.html]
[docs.postgresql.fr/current/config-setting.html]
[docs.postgresql.fr/current/runtime-config-file-locations.html]
[docs.postgresql.fr/current/runtime-config-connection.html]
[docs.postgresql.fr/current/runtime-config-resource.html]
[docs.postgresql.fr/current/runtime-config-wal.html]
[docs.postgresql.fr/current/runtime-config-replication.html]
[docs.postgresql.fr/current/runtime-config-query.html]
[docs.postgresql.fr/current/runtime-config-statistics.html]
[docs.postgresql.fr/current/runtime-config-autovacuum.html]
[docs.postgresql.fr/current/runtime-config-client.html]
[docs.postgresql.fr/current/runtime-config-locks.html]
[docs.postgresql.fr/current/runtime-config-compatible.html]
[docs.postgresql.fr/current/runtime-config-error-handling.html]
[docs.postgresql.fr/current/runtime-config-preset.html]
[docs.postgresql.fr/current/runtime-config-custom.html]
[docs.postgresql.fr/current/runtime-config-developer.html]
[docs.postgresql.fr/current/runtime-config-short.html]
[docs.postgresql.fr/current/auth-pg-hba-conf.html]
[docs.postgresql.fr/current/auth-username-maps.html]
[docs.postgresql.fr/current/auth-methods.html]
[docs.postgresql.fr/current/auth-trust.html]
[docs.postgresql.fr/current/auth-password.html]
[docs.postgresql.fr/current/gssapi-auth.html]
[docs.postgresql.fr/current/sspi-auth.html]
[docs.postgresql.fr/current/auth-ident.html]
[docs.postgresql.fr/current/auth-peer.html]
[docs.postgresql.fr/current/auth-ldap.html]
[docs.postgresql.fr/current/auth-radius.html]
[docs.postgresql.fr/current/auth-cert.html]
[docs.postgresql.fr/current/auth-pam.html]
[docs.postgresql.fr/current/auth-bsd.html]
[docs.postgresql.fr/current/client-authentication-problems.html]
[docs.postgresql.fr/current/database-roles.html]
[docs.postgresql.fr/current/role-attributes.html]
[docs.postgresql.fr/current/role-membership.html]
[docs.postgresql.fr/current/role-removal.html]
[docs.postgresql.fr/current/predefined-roles.html]
[docs.postgresql.fr/current/perm-functions.html]
[docs.postgresql.fr/current/manage-ag-overview.html]
[docs.postgresql.fr/current/manage-ag-createdb.html]
[docs.postgresql.fr/current/manage-ag-templatedbs.html]
[docs.postgresql.fr/current/manage-ag-config.html]
[docs.postgresql.fr/current/manage-ag-dropdb.html]
[docs.postgresql.fr/current/manage-ag-tablespaces.html]
[docs.postgresql.fr/current/locale.html]
[docs.postgresql.fr/current/collation.html]
[docs.postgresql.fr/current/multibyte.html]
[docs.postgresql.fr/current/routine-vacuuming.html]
[docs.postgresql.fr/current/routine-reindex.html]
[docs.postgresql.fr/current/logfile-maintenance.html]
[docs.postgresql.fr/current/backup-dump.html]
[docs.postgresql.fr/current/backup-file.html]
[docs.postgresql.fr/current/continuous-archiving.html]
[docs.postgresql.fr/current/different-replication-solutions.html]
[docs.postgresql.fr/current/warm-standby.html]
[docs.postgresql.fr/current/warm-standby-failover.html]
[docs.postgresql.fr/current/hot-standby.html]
[docs.postgresql.fr/current/monitoring-ps.html]
[docs.postgresql.fr/current/monitoring-stats.html]
[docs.postgresql.fr/current/monitoring-locks.html]
[docs.postgresql.fr/current/progress-reporting.html]
[docs.postgresql.fr/current/dynamic-trace.html]
[docs.postgresql.fr/current/diskusage.html]
[docs.postgresql.fr/current/wal-reliability.html]
[docs.postgresql.fr/current/checksums.html]
[docs.postgresql.fr/current/wal-intro.html]
[docs.postgresql.fr/current/wal-async-commit.html]
[docs.postgresql.fr/current/wal-configuration.html]
[docs.postgresql.fr/current/wal-internals.html]
[docs.postgresql.fr/current/logical-replication-publication.html]
[docs.postgresql.fr/current/logical-replication-subscription.html]
[docs.postgresql.fr/current/logical-replication-failover.html]
[docs.postgresql.fr/current/logical-replication-row-filter.html]
[docs.postgresql.fr/current/logical-replication-col-lists.html]
[docs.postgresql.fr/current/logical-replication-conflicts.html]
[docs.postgresql.fr/current/logical-replication-restrictions.html]
[docs.postgresql.fr/current/logical-replication-architecture.html]
[docs.postgresql.fr/current/logical-replication-monitoring.html]
[docs.postgresql.fr/current/logical-replication-security.html]
[docs.postgresql.fr/current/logical-replication-config.html]
[docs.postgresql.fr/current/logical-replication-quick-setup.html]
[docs.postgresql.fr/current/jit-reason.html]
[docs.postgresql.fr/current/jit-decision.html]
[docs.postgresql.fr/current/jit-configuration.html]
[docs.postgresql.fr/current/jit-extensibility.html]
[docs.postgresql.fr/current/regress-run.html]
[docs.postgresql.fr/current/regress-evaluation.html]
[docs.postgresql.fr/current/regress-variant.html]
[docs.postgresql.fr/current/regress-tap.html]
[docs.postgresql.fr/current/regress-coverage.html]
[docs.postgresql.fr/current/sql-explain.html]
[docs.postgresql.fr/current/libpq-connect.html]
[docs.postgresql.fr/current/libpq-status.html]
[docs.postgresql.fr/current/libpq-exec.html]
[docs.postgresql.fr/current/libpq-async.html]
[docs.postgresql.fr/current/libpq-pipeline-mode.html]
[docs.postgresql.fr/current/libpq-single-row-mode.html]
[docs.postgresql.fr/current/libpq-cancel.html]
[docs.postgresql.fr/current/libpq-fastpath.html]
[docs.postgresql.fr/current/libpq-notify.html]
[docs.postgresql.fr/current/libpq-copy.html]
[docs.postgresql.fr/current/libpq-control.html]
[docs.postgresql.fr/current/libpq-misc.html]
[docs.postgresql.fr/current/libpq-notice-processing.html]
[docs.postgresql.fr/current/libpq-events.html]
[docs.postgresql.fr/current/libpq-envars.html]
[docs.postgresql.fr/current/libpq-pgpass.html]
[docs.postgresql.fr/current/libpq-pgservice.html]
[docs.postgresql.fr/current/libpq-ldap.html]
[docs.postgresql.fr/current/libpq-ssl.html]
[docs.postgresql.fr/current/libpq-threading.html]
[docs.postgresql.fr/current/libpq-build.html]
[docs.postgresql.fr/current/libpq-example.html]
[docs.postgresql.fr/current/lo-intro.html]
[docs.postgresql.fr/current/lo-implementation.html]
[docs.postgresql.fr/current/lo-interfaces.html]
[docs.postgresql.fr/current/lo-funcs.html]
[docs.postgresql.fr/current/lo-examplesect.html]
[docs.postgresql.fr/current/ecpg-concept.html]
[docs.postgresql.fr/current/ecpg-connect.html]
[docs.postgresql.fr/current/ecpg-commands.html]
[docs.postgresql.fr/current/ecpg-variables.html]
[docs.postgresql.fr/current/ecpg-dynamic.html]
[docs.postgresql.fr/current/ecpg-pgtypes.html]
[docs.postgresql.fr/current/ecpg-descriptors.html]
[docs.postgresql.fr/current/ecpg-errors.html]
[docs.postgresql.fr/current/ecpg-preproc.html]
[docs.postgresql.fr/current/ecpg-process.html]
[docs.postgresql.fr/current/ecpg-library.html]
[docs.postgresql.fr/current/ecpg-lo.html]
[docs.postgresql.fr/current/ecpg-cpp.html]
[docs.postgresql.fr/current/ecpg-sql-commands.html]
[docs.postgresql.fr/current/ecpg-informix-compat.html]
[docs.postgresql.fr/current/ecpg-oracle-compat.html]
[docs.postgresql.fr/current/ecpg-develop.html]
[docs.postgresql.fr/current/infoschema-schema.html]
[docs.postgresql.fr/current/infoschema-datatypes.html]
[docs.postgresql.fr/current/infoschema-information-schema-catalog-name.html]
[docs.postgresql.fr/current/infoschema-administrable-role-authorizations.html]
[docs.postgresql.fr/current/infoschema-applicable-roles.html]
[docs.postgresql.fr/current/infoschema-attributes.html]
[docs.postgresql.fr/current/infoschema-character-sets.html]
[docs.postgresql.fr/current/infoschema-check-constraint-routine-usage.html]
[docs.postgresql.fr/current/infoschema-check-constraints.html]
[docs.postgresql.fr/current/infoschema-collations.html]
[docs.postgresql.fr/current/infoschema-collation-character-set-applicab.html]
[docs.postgresql.fr/current/infoschema-column-column-usage.html]
[docs.postgresql.fr/current/infoschema-column-domain-usage.html]
[docs.postgresql.fr/current/infoschema-column-options.html]
[docs.postgresql.fr/current/infoschema-column-privileges.html]
[docs.postgresql.fr/current/infoschema-column-udt-usage.html]
[docs.postgresql.fr/current/infoschema-columns.html]
[docs.postgresql.fr/current/infoschema-constraint-column-usage.html]
[docs.postgresql.fr/current/infoschema-constraint-table-usage.html]
[docs.postgresql.fr/current/infoschema-data-type-privileges.html]
[docs.postgresql.fr/current/infoschema-domain-constraints.html]
[docs.postgresql.fr/current/infoschema-domain-udt-usage.html]
[docs.postgresql.fr/current/infoschema-domains.html]
[docs.postgresql.fr/current/infoschema-element-types.html]
[docs.postgresql.fr/current/infoschema-enabled-roles.html]
[docs.postgresql.fr/current/infoschema-foreign-data-wrapper-options.html]
[docs.postgresql.fr/current/infoschema-foreign-data-wrappers.html]
[docs.postgresql.fr/current/infoschema-foreign-server-options.html]
[docs.postgresql.fr/current/infoschema-foreign-servers.html]
[docs.postgresql.fr/current/infoschema-foreign-table-options.html]
[docs.postgresql.fr/current/infoschema-foreign-tables.html]
[docs.postgresql.fr/current/infoschema-key-column-usage.html]
[docs.postgresql.fr/current/infoschema-parameters.html]
[docs.postgresql.fr/current/infoschema-referential-constraints.html]
[docs.postgresql.fr/current/infoschema-role-column-grants.html]
[docs.postgresql.fr/current/infoschema-role-routine-grants.html]
[docs.postgresql.fr/current/infoschema-role-table-grants.html]
[docs.postgresql.fr/current/infoschema-role-udt-grants.html]
[docs.postgresql.fr/current/infoschema-role-usage-grants.html]
[docs.postgresql.fr/current/infoschema-routine-column-usage.html]
[docs.postgresql.fr/current/infoschema-routine-privileges.html]
[docs.postgresql.fr/current/infoschema-routine-routine-usage.html]
[docs.postgresql.fr/current/infoschema-routine-sequence-usage.html]
[docs.postgresql.fr/current/infoschema-routine-table-usage.html]
[docs.postgresql.fr/current/infoschema-routines.html]
[docs.postgresql.fr/current/infoschema-schemata.html]
[docs.postgresql.fr/current/infoschema-sequences.html]
[docs.postgresql.fr/current/infoschema-sql-features.html]
[docs.postgresql.fr/current/infoschema-sql-implementation-info.html]
[docs.postgresql.fr/current/infoschema-sql-parts.html]
[docs.postgresql.fr/current/infoschema-sql-sizing.html]
[docs.postgresql.fr/current/infoschema-table-constraints.html]
[docs.postgresql.fr/current/infoschema-table-privileges.html]
[docs.postgresql.fr/current/infoschema-tables.html]
[docs.postgresql.fr/current/infoschema-transforms.html]
[docs.postgresql.fr/current/infoschema-triggered-update-columns.html]
[docs.postgresql.fr/current/infoschema-triggers.html]
[docs.postgresql.fr/current/infoschema-udt-privileges.html]
[docs.postgresql.fr/current/infoschema-usage-privileges.html]
[docs.postgresql.fr/current/infoschema-user-defined-types.html]
[docs.postgresql.fr/current/infoschema-user-mapping-options.html]
[docs.postgresql.fr/current/infoschema-user-mappings.html]
[docs.postgresql.fr/current/infoschema-view-column-usage.html]
[docs.postgresql.fr/current/infoschema-view-routine-usage.html]
[docs.postgresql.fr/current/infoschema-view-table-usage.html]
[docs.postgresql.fr/current/infoschema-views.html]
[docs.postgresql.fr/current/ecpg-sql-allocate-descriptor.html]
[docs.postgresql.fr/current/ecpg-sql-connect.html]
[docs.postgresql.fr/current/ecpg-sql-deallocate-descriptor.html]
[docs.postgresql.fr/current/ecpg-sql-declare.html]
[docs.postgresql.fr/current/ecpg-sql-declare-statement.html]
[docs.postgresql.fr/current/ecpg-sql-describe.html]
[docs.postgresql.fr/current/ecpg-sql-disconnect.html]
[docs.postgresql.fr/current/ecpg-sql-execute-immediate.html]
[docs.postgresql.fr/current/ecpg-sql-get-descriptor.html]
[docs.postgresql.fr/current/ecpg-sql-open.html]
[docs.postgresql.fr/current/ecpg-sql-prepare.html]
[docs.postgresql.fr/current/ecpg-sql-set-autocommit.html]
[docs.postgresql.fr/current/ecpg-sql-set-connection.html]
[docs.postgresql.fr/current/ecpg-sql-set-descriptor.html]
[docs.postgresql.fr/current/ecpg-sql-type.html]
[docs.postgresql.fr/current/ecpg-sql-var.html]
[docs.postgresql.fr/current/ecpg-sql-whenever.html]
[docs.postgresql.fr/current/extend-how.html]
[docs.postgresql.fr/current/extend-type-system.html]
[docs.postgresql.fr/current/xfunc.html]
[docs.postgresql.fr/current/xproc.html]
[docs.postgresql.fr/current/xfunc-sql.html]
[docs.postgresql.fr/current/xfunc-overload.html]
[docs.postgresql.fr/current/xfunc-volatility.html]
[docs.postgresql.fr/current/xfunc-pl.html]
[docs.postgresql.fr/current/xfunc-internal.html]
[docs.postgresql.fr/current/xfunc-c.html]
[docs.postgresql.fr/current/xfunc-optimization.html]
[docs.postgresql.fr/current/xaggr.html]
[docs.postgresql.fr/current/xtypes.html]
[docs.postgresql.fr/current/xoper.html]
[docs.postgresql.fr/current/xoper-optimization.html]
[docs.postgresql.fr/current/xindex.html]
[docs.postgresql.fr/current/extend-extensions.html]
[docs.postgresql.fr/current/extend-pgxs.html]
[docs.postgresql.fr/current/trigger-definition.html]
[docs.postgresql.fr/current/trigger-datachanges.html]
[docs.postgresql.fr/current/trigger-interface.html]
[docs.postgresql.fr/current/trigger-example.html]
[docs.postgresql.fr/current/event-trigger-definition.html]
[docs.postgresql.fr/current/event-trigger-matrix.html]
[docs.postgresql.fr/current/event-trigger-interface.html]
[docs.postgresql.fr/current/event-trigger-example.html]
[docs.postgresql.fr/current/event-trigger-table-rewrite-example.html]
[docs.postgresql.fr/current/event-trigger-database-login-example.html]
[docs.postgresql.fr/current/querytree.html]
[docs.postgresql.fr/current/rules-views.html]
[docs.postgresql.fr/current/rules-materializedviews.html]
[docs.postgresql.fr/current/rules-update.html]
[docs.postgresql.fr/current/rules-privileges.html]
[docs.postgresql.fr/current/rules-status.html]
[docs.postgresql.fr/current/rules-triggers.html]
[docs.postgresql.fr/current/xplang-install.html]
[docs.postgresql.fr/current/plpgsql-overview.html]
[docs.postgresql.fr/current/plpgsql-structure.html]
[docs.postgresql.fr/current/plpgsql-declarations.html]
[docs.postgresql.fr/current/plpgsql-expressions.html]
[docs.postgresql.fr/current/plpgsql-statements.html]
[docs.postgresql.fr/current/plpgsql-control-structures.html]
[docs.postgresql.fr/current/plpgsql-cursors.html]
[docs.postgresql.fr/current/plpgsql-transactions.html]
[docs.postgresql.fr/current/plpgsql-errors-and-messages.html]
[docs.postgresql.fr/current/plpgsql-trigger.html]
[docs.postgresql.fr/current/plpgsql-implementation.html]
[docs.postgresql.fr/current/plpgsql-development-tips.html]
[docs.postgresql.fr/current/plpgsql-porting.html]
[docs.postgresql.fr/current/pltcl-overview.html]
[docs.postgresql.fr/current/pltcl-functions.html]
[docs.postgresql.fr/current/pltcl-data.html]
[docs.postgresql.fr/current/pltcl-global.html]
[docs.postgresql.fr/current/pltcl-dbaccess.html]
[docs.postgresql.fr/current/pltcl-trigger.html]
[docs.postgresql.fr/current/pltcl-event-trigger.html]
[docs.postgresql.fr/current/pltcl-error-handling.html]
[docs.postgresql.fr/current/pltcl-subtransactions.html]
[docs.postgresql.fr/current/pltcl-transactions.html]
[docs.postgresql.fr/current/pltcl-config.html]
[docs.postgresql.fr/current/pltcl-procnames.html]
[docs.postgresql.fr/current/plperl-funcs.html]
[docs.postgresql.fr/current/plperl-data.html]
[docs.postgresql.fr/current/plperl-builtins.html]
[docs.postgresql.fr/current/plperl-global.html]
[docs.postgresql.fr/current/plperl-trusted.html]
[docs.postgresql.fr/current/plperl-triggers.html]
[docs.postgresql.fr/current/plperl-event-triggers.html]
[docs.postgresql.fr/current/plperl-under-the-hood.html]
[docs.postgresql.fr/current/plpython-funcs.html]
[docs.postgresql.fr/current/plpython-data.html]
[docs.postgresql.fr/current/plpython-sharing.html]
[docs.postgresql.fr/current/plpython-do.html]
[docs.postgresql.fr/current/plpython-trigger.html]
[docs.postgresql.fr/current/plpython-database.html]
[docs.postgresql.fr/current/plpython-subtransaction.html]
[docs.postgresql.fr/current/plpython-transactions.html]
[docs.postgresql.fr/current/plpython-util.html]
[docs.postgresql.fr/current/plpython-python23.html]
[docs.postgresql.fr/current/plpython-envar.html]
[docs.postgresql.fr/current/spi-interface.html]
[docs.postgresql.fr/current/spi-interface-support.html]
[docs.postgresql.fr/current/spi-memory.html]
[docs.postgresql.fr/current/spi-transaction.html]
[docs.postgresql.fr/current/spi-visibility.html]
[docs.postgresql.fr/current/spi-exemples.html]
[docs.postgresql.fr/current/logicaldecoding-example.html]
[docs.postgresql.fr/current/logicaldecoding-explanation.html]
[docs.postgresql.fr/current/logicaldecoding-walsender.html]
[docs.postgresql.fr/current/logicaldecoding-sql.html]
[docs.postgresql.fr/current/logicaldecoding-catalogs.html]
[docs.postgresql.fr/current/logicaldecoding-output-plugin.html]
[docs.postgresql.fr/current/logicaldecoding-writer.html]
[docs.postgresql.fr/current/logicaldecoding-synchronous.html]
[docs.postgresql.fr/current/logicaldecoding-streaming.html]
[docs.postgresql.fr/current/logicaldecoding-two-phase-commits.html]
[docs.postgresql.fr/current/archive-module-init.html]
[docs.postgresql.fr/current/archive-module-callbacks.html]
[docs.postgresql.fr/current/spi-spi-connect.html]
[docs.postgresql.fr/current/spi-spi-finish.html]
[docs.postgresql.fr/current/spi-spi-execute.html]
[docs.postgresql.fr/current/spi-spi-exec.html]
[docs.postgresql.fr/current/spi-spi-execute-extended.html]
[docs.postgresql.fr/current/spi-spi-execute-with-args.html]
[docs.postgresql.fr/current/spi-spi-prepare.html]
[docs.postgresql.fr/current/spi-spi-prepare-cursor.html]
[docs.postgresql.fr/current/spi-spi-prepare-extended.html]
[docs.postgresql.fr/current/spi-spi-prepare-params.html]
[docs.postgresql.fr/current/spi-spi-getargcount.html]
[docs.postgresql.fr/current/spi-spi-getargtypeid.html]
[docs.postgresql.fr/current/spi-spi-is-cursor-plan.html]
[docs.postgresql.fr/current/spi-spi-execute-plan.html]
[docs.postgresql.fr/current/spi-spi-execute-plan-extended.html]
[docs.postgresql.fr/current/spi-spi-execute-plan-with-paramlist.html]
[docs.postgresql.fr/current/spi-spi-execp.html]
[docs.postgresql.fr/current/spi-spi-cursor-open.html]
[docs.postgresql.fr/current/spi-spi-cursor-open-with-args.html]
[docs.postgresql.fr/current/spi-spi-cursor-open-with-paramlist.html]
[docs.postgresql.fr/current/spi-spi-cursor-parse-open.html]
[docs.postgresql.fr/current/spi-spi-cursor-find.html]
[docs.postgresql.fr/current/spi-spi-cursor-fetch.html]
[docs.postgresql.fr/current/spi-spi-cursor-move.html]
[docs.postgresql.fr/current/spi-spi-scroll-cursor-fetch.html]
[docs.postgresql.fr/current/spi-spi-scroll-cursor-move.html]
[docs.postgresql.fr/current/spi-spi-cursor-close.html]
[docs.postgresql.fr/current/spi-spi-keepplan.html]
[docs.postgresql.fr/current/spi-spi-saveplan.html]
[docs.postgresql.fr/current/spi-spi-register-relation.html]
[docs.postgresql.fr/current/spi-spi-unregister-relation.html]
[docs.postgresql.fr/current/spi-spi-register-trigger-data.html]
[docs.postgresql.fr/current/spi-spi-fname.html]
[docs.postgresql.fr/current/spi-spi-fnumber.html]
[docs.postgresql.fr/current/spi-spi-getvalue.html]
[docs.postgresql.fr/current/spi-spi-getbinval.html]
[docs.postgresql.fr/current/spi-spi-gettype.html]
[docs.postgresql.fr/current/spi-spi-gettypeid.html]
[docs.postgresql.fr/current/spi-spi-getrelname.html]
[docs.postgresql.fr/current/spi-spi-getnspname.html]
[docs.postgresql.fr/current/spi-spi-result-code-string.html]
[docs.postgresql.fr/current/spi-spi-palloc.html]
[docs.postgresql.fr/current/spi-realloc.html]
[docs.postgresql.fr/current/spi-spi-pfree.html]
[docs.postgresql.fr/current/spi-spi-copytuple.html]
[docs.postgresql.fr/current/spi-spi-returntuple.html]
[docs.postgresql.fr/current/spi-spi-modifytuple.html]
[docs.postgresql.fr/current/spi-spi-freetuple.html]
[docs.postgresql.fr/current/spi-spi-freetupletable.html]
[docs.postgresql.fr/current/spi-spi-freeplan.html]
[docs.postgresql.fr/current/spi-spi-commit.html]
[docs.postgresql.fr/current/spi-spi-rollback.html]
[docs.postgresql.fr/current/spi-spi-start-transaction.html]
[docs.postgresql.fr/current/sql-altertable.html]
[docs.postgresql.fr/current/protocol-replication.html]
[docs.postgresql.fr/current/catalog-pg-replication-origin.html]
[docs.postgresql.fr/current/view-pg-replication-origin-status.html]
[docs.postgresql.fr/current/sql-abort.html]
[docs.postgresql.fr/current/sql-alteraggregate.html]
[docs.postgresql.fr/current/sql-altercollation.html]
[docs.postgresql.fr/current/sql-alterconversion.html]
[docs.postgresql.fr/current/sql-alterdatabase.html]
[docs.postgresql.fr/current/sql-alterdefaultprivileges.html]
[docs.postgresql.fr/current/sql-alterdomain.html]
[docs.postgresql.fr/current/sql-altereventtrigger.html]
[docs.postgresql.fr/current/sql-alterextension.html]
[docs.postgresql.fr/current/sql-alterforeigndatawrapper.html]
[docs.postgresql.fr/current/sql-alterforeigntable.html]
[docs.postgresql.fr/current/sql-alterfunction.html]
[docs.postgresql.fr/current/sql-altergroup.html]
[docs.postgresql.fr/current/sql-alterindex.html]
[docs.postgresql.fr/current/sql-alterlanguage.html]
[docs.postgresql.fr/current/sql-alterlargeobject.html]
[docs.postgresql.fr/current/sql-altermaterializedview.html]
[docs.postgresql.fr/current/sql-alteroperator.html]
[docs.postgresql.fr/current/sql-alteropclass.html]
[docs.postgresql.fr/current/sql-alteropfamily.html]
[docs.postgresql.fr/current/sql-alterpolicy.html]
[docs.postgresql.fr/current/sql-alterprocedure.html]
[docs.postgresql.fr/current/sql-alterpublication.html]
[docs.postgresql.fr/current/sql-alterrole.html]
[docs.postgresql.fr/current/sql-alterroutine.html]
[docs.postgresql.fr/current/sql-alterrule.html]
[docs.postgresql.fr/current/sql-alterschema.html]
[docs.postgresql.fr/current/sql-altersequence.html]
[docs.postgresql.fr/current/sql-alterserver.html]
[docs.postgresql.fr/current/sql-alterstatistics.html]
[docs.postgresql.fr/current/sql-altersubscription.html]
[docs.postgresql.fr/current/sql-altersystem.html]
[docs.postgresql.fr/current/sql-altertablespace.html]
[docs.postgresql.fr/current/sql-altertsconfig.html]
[docs.postgresql.fr/current/sql-altertsdictionary.html]
[docs.postgresql.fr/current/sql-altertsparser.html]
[docs.postgresql.fr/current/sql-altertstemplate.html]
[docs.postgresql.fr/current/sql-altertrigger.html]
[docs.postgresql.fr/current/sql-altertype.html]
[docs.postgresql.fr/current/sql-alteruser.html]
[docs.postgresql.fr/current/sql-alterusermapping.html]
[docs.postgresql.fr/current/sql-alterview.html]
[docs.postgresql.fr/current/sql-analyze.html]
[docs.postgresql.fr/current/sql-begin.html]
[docs.postgresql.fr/current/sql-call.html]
[docs.postgresql.fr/current/sql-checkpoint.html]
[docs.postgresql.fr/current/sql-close.html]
[docs.postgresql.fr/current/sql-cluster.html]
[docs.postgresql.fr/current/sql-comment.html]
[docs.postgresql.fr/current/sql-commit.html]
[docs.postgresql.fr/current/sql-commit-prepared.html]
[docs.postgresql.fr/current/sql-copy.html]
[docs.postgresql.fr/current/sql-create-access-method.html]
[docs.postgresql.fr/current/sql-createaggregate.html]
[docs.postgresql.fr/current/sql-createcast.html]
[docs.postgresql.fr/current/sql-createcollation.html]
[docs.postgresql.fr/current/sql-createconversion.html]
[docs.postgresql.fr/current/sql-createdatabase.html]
[docs.postgresql.fr/current/sql-createdomain.html]
[docs.postgresql.fr/current/sql-createeventtrigger.html]
[docs.postgresql.fr/current/sql-createextension.html]
[docs.postgresql.fr/current/sql-createforeigndatawrapper.html]
[docs.postgresql.fr/current/sql-createforeigntable.html]
[docs.postgresql.fr/current/sql-createfunction.html]
[docs.postgresql.fr/current/sql-creategroup.html]
[docs.postgresql.fr/current/sql-createindex.html]
[docs.postgresql.fr/current/sql-createlanguage.html]
[docs.postgresql.fr/current/sql-creatematerializedview.html]
[docs.postgresql.fr/current/sql-createoperator.html]
[docs.postgresql.fr/current/sql-createopclass.html]
[docs.postgresql.fr/current/sql-createopfamily.html]
[docs.postgresql.fr/current/sql-createpolicy.html]
[docs.postgresql.fr/current/sql-createprocedure.html]
[docs.postgresql.fr/current/sql-createpublication.html]
[docs.postgresql.fr/current/sql-createrole.html]
[docs.postgresql.fr/current/sql-createrule.html]
[docs.postgresql.fr/current/sql-createschema.html]
[docs.postgresql.fr/current/sql-createsequence.html]
[docs.postgresql.fr/current/sql-createserver.html]
[docs.postgresql.fr/current/sql-createstatistics.html]
[docs.postgresql.fr/current/sql-createsubscription.html]
[docs.postgresql.fr/current/sql-createtable.html]
[docs.postgresql.fr/current/sql-createtableas.html]
[docs.postgresql.fr/current/sql-createtablespace.html]
[docs.postgresql.fr/current/sql-createtsconfig.html]
[docs.postgresql.fr/current/sql-createtsdictionary.html]
[docs.postgresql.fr/current/sql-createtsparser.html]
[docs.postgresql.fr/current/sql-createtstemplate.html]
[docs.postgresql.fr/current/sql-createtransform.html]
[docs.postgresql.fr/current/sql-createtrigger.html]
[docs.postgresql.fr/current/sql-createuser.html]
[docs.postgresql.fr/current/sql-createusermapping.html]
[docs.postgresql.fr/current/sql-deallocate.html]
[docs.postgresql.fr/current/sql-declare.html]
[docs.postgresql.fr/current/sql-delete.html]
[docs.postgresql.fr/current/sql-discard.html]
[docs.postgresql.fr/current/sql-do.html]
[docs.postgresql.fr/current/sql-drop-access-method.html]
[docs.postgresql.fr/current/sql-dropaggregate.html]
[docs.postgresql.fr/current/sql-dropcast.html]
[docs.postgresql.fr/current/sql-dropcollation.html]
[docs.postgresql.fr/current/sql-dropconversion.html]
[docs.postgresql.fr/current/sql-dropdatabase.html]
[docs.postgresql.fr/current/sql-dropdomain.html]
[docs.postgresql.fr/current/sql-dropeventtrigger.html]
[docs.postgresql.fr/current/sql-dropextension.html]
[docs.postgresql.fr/current/sql-dropforeigndatawrapper.html]
[docs.postgresql.fr/current/sql-dropforeigntable.html]
[docs.postgresql.fr/current/sql-dropfunction.html]
[docs.postgresql.fr/current/sql-dropgroup.html]
[docs.postgresql.fr/current/sql-dropindex.html]
[docs.postgresql.fr/current/sql-droplanguage.html]
[docs.postgresql.fr/current/sql-dropmaterializedview.html]
[docs.postgresql.fr/current/sql-dropoperator.html]
[docs.postgresql.fr/current/sql-dropopclass.html]
[docs.postgresql.fr/current/sql-dropopfamily.html]
[docs.postgresql.fr/current/sql-drop-owned.html]
[docs.postgresql.fr/current/sql-droppolicy.html]
[docs.postgresql.fr/current/sql-dropprocedure.html]
[docs.postgresql.fr/current/sql-droppublication.html]
[docs.postgresql.fr/current/sql-droprole.html]
[docs.postgresql.fr/current/sql-droproutine.html]
[docs.postgresql.fr/current/sql-droprule.html]
[docs.postgresql.fr/current/sql-dropschema.html]
[docs.postgresql.fr/current/sql-dropsequence.html]
[docs.postgresql.fr/current/sql-dropserver.html]
[docs.postgresql.fr/current/sql-dropstatistics.html]
[docs.postgresql.fr/current/sql-dropsubscription.html]
[docs.postgresql.fr/current/sql-droptable.html]
[docs.postgresql.fr/current/sql-droptablespace.html]
[docs.postgresql.fr/current/sql-droptsconfig.html]
[docs.postgresql.fr/current/sql-droptsdictionary.html]
[docs.postgresql.fr/current/sql-droptsparser.html]
[docs.postgresql.fr/current/sql-droptstemplate.html]
[docs.postgresql.fr/current/sql-droptransform.html]
[docs.postgresql.fr/current/sql-droptrigger.html]
[docs.postgresql.fr/current/sql-droptype.html]
[docs.postgresql.fr/current/sql-dropuser.html]
[docs.postgresql.fr/current/sql-dropusermapping.html]
[docs.postgresql.fr/current/sql-dropview.html]
[docs.postgresql.fr/current/sql-end.html]
[docs.postgresql.fr/current/sql-execute.html]
[docs.postgresql.fr/current/sql-fetch.html]
[docs.postgresql.fr/current/sql-grant.html]
[docs.postgresql.fr/current/sql-importforeignschema.html]
[docs.postgresql.fr/current/sql-insert.html]
[docs.postgresql.fr/current/sql-listen.html]
[docs.postgresql.fr/current/sql-load.html]
[docs.postgresql.fr/current/sql-lock.html]
[docs.postgresql.fr/current/sql-merge.html]
[docs.postgresql.fr/current/sql-move.html]
[docs.postgresql.fr/current/sql-notify.html]
[docs.postgresql.fr/current/sql-prepare.html]
[docs.postgresql.fr/current/sql-prepare-transaction.html]
[docs.postgresql.fr/current/sql-reassign-owned.html]
[docs.postgresql.fr/current/sql-refreshmaterializedview.html]
[docs.postgresql.fr/current/sql-reindex.html]
[docs.postgresql.fr/current/sql-release-savepoint.html]
[docs.postgresql.fr/current/sql-reset.html]
[docs.postgresql.fr/current/sql-revoke.html]
[docs.postgresql.fr/current/sql-rollback.html]
[docs.postgresql.fr/current/sql-rollback-prepared.html]
[docs.postgresql.fr/current/sql-rollback-to.html]
[docs.postgresql.fr/current/sql-savepoint.html]
[docs.postgresql.fr/current/sql-security-label.html]
[docs.postgresql.fr/current/sql-select.html]
[docs.postgresql.fr/current/sql-selectinto.html]
[docs.postgresql.fr/current/sql-set.html]
[docs.postgresql.fr/current/sql-set-constraints.html]
[docs.postgresql.fr/current/sql-set-role.html]
[docs.postgresql.fr/current/sql-set-session-authorization.html]
[docs.postgresql.fr/current/sql-set-transaction.html]
[docs.postgresql.fr/current/sql-show.html]
[docs.postgresql.fr/current/sql-start-transaction.html]
[docs.postgresql.fr/current/sql-truncate.html]
[docs.postgresql.fr/current/sql-unlisten.html]
[docs.postgresql.fr/current/sql-update.html]
[docs.postgresql.fr/current/sql-vacuum.html]
[docs.postgresql.fr/current/sql-values.html]
[docs.postgresql.fr/current/app-clusterdb.html]
[docs.postgresql.fr/current/app-createdb.html]
[docs.postgresql.fr/current/app-createuser.html]
[docs.postgresql.fr/current/app-dropdb.html]
[docs.postgresql.fr/current/app-dropuser.html]
[docs.postgresql.fr/current/app-ecpg.html]
[docs.postgresql.fr/current/app-pgamcheck.html]
[docs.postgresql.fr/current/app-pgbasebackup.html]
[docs.postgresql.fr/current/pgbench.html]
[docs.postgresql.fr/current/app-pgcombinebackup.html]
[docs.postgresql.fr/current/app-pgconfig.html]
[docs.postgresql.fr/current/app-pgdump.html]
[docs.postgresql.fr/current/app-pg-dumpall.html]
[docs.postgresql.fr/current/app-pg-isready.html]
[docs.postgresql.fr/current/app-pgreceivewal.html]
[docs.postgresql.fr/current/app-pgrecvlogical.html]
[docs.postgresql.fr/current/app-pgrestore.html]
[docs.postgresql.fr/current/app-pgverifybackup.html]
[docs.postgresql.fr/current/app-psql.html]
[docs.postgresql.fr/current/app-reindexdb.html]
[docs.postgresql.fr/current/app-vacuumdb.html]
[docs.postgresql.fr/current/app-initdb.html]
[docs.postgresql.fr/current/pgarchivecleanup.html]
[docs.postgresql.fr/current/app-pgchecksums.html]
[docs.postgresql.fr/current/app-pgcontroldata.html]
[docs.postgresql.fr/current/app-pgcreatesubscriber.html]
[docs.postgresql.fr/current/app-pg-ctl.html]
[docs.postgresql.fr/current/app-pgresetwal.html]
[docs.postgresql.fr/current/app-pgrewind.html]
[docs.postgresql.fr/current/pgtestfsync.html]
[docs.postgresql.fr/current/pgtesttiming.html]
[docs.postgresql.fr/current/pgupgrade.html]
[docs.postgresql.fr/current/pgwaldump.html]
[docs.postgresql.fr/current/app-pgwalsummary.html]
[docs.postgresql.fr/current/app-postgres.html]
[docs.postgresql.fr/current/query-path.html]
[docs.postgresql.fr/current/connect-estab.html]
[docs.postgresql.fr/current/parser-stage.html]
[docs.postgresql.fr/current/rule-system.html]
[docs.postgresql.fr/current/planner-optimizer.html]
[docs.postgresql.fr/current/executor.html]
[docs.postgresql.fr/current/catalogs-overview.html]
[docs.postgresql.fr/current/catalog-pg-aggregate.html]
[docs.postgresql.fr/current/catalog-pg-am.html]
[docs.postgresql.fr/current/catalog-pg-amop.html]
[docs.postgresql.fr/current/catalog-pg-amproc.html]
[docs.postgresql.fr/current/catalog-pg-attrdef.html]
[docs.postgresql.fr/current/catalog-pg-attribute.html]
[docs.postgresql.fr/current/catalog-pg-authid.html]
[docs.postgresql.fr/current/catalog-pg-auth-members.html]
[docs.postgresql.fr/current/catalog-pg-cast.html]
[docs.postgresql.fr/current/catalog-pg-class.html]
[docs.postgresql.fr/current/catalog-pg-collation.html]
[docs.postgresql.fr/current/catalog-pg-constraint.html]
[docs.postgresql.fr/current/catalog-pg-conversion.html]
[docs.postgresql.fr/current/catalog-pg-database.html]
[docs.postgresql.fr/current/catalog-pg-db-role-setting.html]
[docs.postgresql.fr/current/catalog-pg-default-acl.html]
[docs.postgresql.fr/current/catalog-pg-depend.html]
[docs.postgresql.fr/current/catalog-pg-description.html]
[docs.postgresql.fr/current/catalog-pg-enum.html]
[docs.postgresql.fr/current/catalog-pg-event-trigger.html]
[docs.postgresql.fr/current/catalog-pg-extension.html]
[docs.postgresql.fr/current/catalog-pg-foreign-data-wrapper.html]
[docs.postgresql.fr/current/catalog-pg-foreign-server.html]
[docs.postgresql.fr/current/catalog-pg-foreign-table.html]
[docs.postgresql.fr/current/catalog-pg-index.html]
[docs.postgresql.fr/current/catalog-pg-inherits.html]
[docs.postgresql.fr/current/catalog-pg-init-privs.html]
[docs.postgresql.fr/current/catalog-pg-language.html]
[docs.postgresql.fr/current/catalog-pg-largeobject.html]
[docs.postgresql.fr/current/catalog-pg-largeobject-metadata.html]
[docs.postgresql.fr/current/catalog-pg-namespace.html]
[docs.postgresql.fr/current/catalog-pg-opclass.html]
[docs.postgresql.fr/current/catalog-pg-operator.html]
[docs.postgresql.fr/current/catalog-pg-opfamily.html]
[docs.postgresql.fr/current/catalog-pg-parameter-acl.html]
[docs.postgresql.fr/current/catalog-pg-partitioned-table.html]
[docs.postgresql.fr/current/catalog-pg-policy.html]
[docs.postgresql.fr/current/catalog-pg-proc.html]
[docs.postgresql.fr/current/catalog-pg-publication.html]
[docs.postgresql.fr/current/catalog-pg-publication-namespace.html]
[docs.postgresql.fr/current/catalog-pg-publication-rel.html]
[docs.postgresql.fr/current/catalog-pg-range.html]
[docs.postgresql.fr/current/catalog-pg-rewrite.html]
[docs.postgresql.fr/current/catalog-pg-seclabel.html]
[docs.postgresql.fr/current/catalog-pg-sequence.html]
[docs.postgresql.fr/current/catalog-pg-shdepend.html]
[docs.postgresql.fr/current/catalog-pg-shdescription.html]
[docs.postgresql.fr/current/catalog-pg-shseclabel.html]
[docs.postgresql.fr/current/catalog-pg-statistic.html]
[docs.postgresql.fr/current/catalog-pg-statistic-ext.html]
[docs.postgresql.fr/current/catalog-pg-statistic-ext-data.html]
[docs.postgresql.fr/current/catalog-pg-subscription.html]
[docs.postgresql.fr/current/catalog-pg-subscription-rel.html]
[docs.postgresql.fr/current/catalog-pg-tablespace.html]
[docs.postgresql.fr/current/catalog-pg-transform.html]
[docs.postgresql.fr/current/catalog-pg-trigger.html]
[docs.postgresql.fr/current/catalog-pg-ts-config.html]
[docs.postgresql.fr/current/catalog-pg-ts-config-map.html]
[docs.postgresql.fr/current/catalog-pg-ts-dict.html]
[docs.postgresql.fr/current/catalog-pg-ts-parser.html]
[docs.postgresql.fr/current/catalog-pg-ts-template.html]
[docs.postgresql.fr/current/catalog-pg-type.html]
[docs.postgresql.fr/current/catalog-pg-user-mapping.html]
[docs.postgresql.fr/current/views-overview.html]
[docs.postgresql.fr/current/view-pg-available-extensions.html]
[docs.postgresql.fr/current/view-pg-available-extension-versions.html]
[docs.postgresql.fr/current/view-pg-backend-memory-contexts.html]
[docs.postgresql.fr/current/view-pg-config.html]
[docs.postgresql.fr/current/view-pg-cursors.html]
[docs.postgresql.fr/current/view-pg-file-settings.html]
[docs.postgresql.fr/current/view-pg-group.html]
[docs.postgresql.fr/current/view-pg-hba-file-rules.html]
[docs.postgresql.fr/current/view-pg-ident-file-mappings.html]
[docs.postgresql.fr/current/view-pg-indexes.html]
[docs.postgresql.fr/current/view-pg-locks.html]
[docs.postgresql.fr/current/view-pg-matviews.html]
[docs.postgresql.fr/current/view-pg-policies.html]
[docs.postgresql.fr/current/view-pg-prepared-statements.html]
[docs.postgresql.fr/current/view-pg-prepared-xacts.html]
[docs.postgresql.fr/current/view-pg-publication-tables.html]
[docs.postgresql.fr/current/view-pg-replication-slots.html]
[docs.postgresql.fr/current/view-pg-roles.html]
[docs.postgresql.fr/current/view-pg-rules.html]
[docs.postgresql.fr/current/view-pg-seclabels.html]
[docs.postgresql.fr/current/view-pg-sequences.html]
[docs.postgresql.fr/current/view-pg-settings.html]
[docs.postgresql.fr/current/view-pg-shadow.html]
[docs.postgresql.fr/current/view-pg-shmem-allocations.html]
[docs.postgresql.fr/current/view-pg-stats.html]
[docs.postgresql.fr/current/view-pg-stats-ext.html]
[docs.postgresql.fr/current/view-pg-stats-ext-exprs.html]
[docs.postgresql.fr/current/view-pg-tables.html]
[docs.postgresql.fr/current/view-pg-timezone-abbrevs.html]
[docs.postgresql.fr/current/view-pg-timezone-names.html]
[docs.postgresql.fr/current/view-pg-user.html]
[docs.postgresql.fr/current/view-pg-user-mappings.html]
[docs.postgresql.fr/current/view-pg-views.html]
[docs.postgresql.fr/current/view-pg-wait-events.html]
[docs.postgresql.fr/current/protocol-overview.html]
[docs.postgresql.fr/current/protocol-flow.html]
[docs.postgresql.fr/current/sasl-authentication.html]
[docs.postgresql.fr/current/protocol-logical-replication.html]
[docs.postgresql.fr/current/protocol-message-types.html]
[docs.postgresql.fr/current/protocol-message-formats.html]
[docs.postgresql.fr/current/protocol-error-fields.html]
[docs.postgresql.fr/current/protocol-logicalrep-message-formats.html]
[docs.postgresql.fr/current/protocol-changes.html]
[docs.postgresql.fr/current/source-format.html]
[docs.postgresql.fr/current/error-message-reporting.html]
[docs.postgresql.fr/current/error-style-guide.html]
[docs.postgresql.fr/current/source-conventions.html]
[docs.postgresql.fr/current/nls-translator.html]
[docs.postgresql.fr/current/nls-programmer.html]
[docs.postgresql.fr/current/fdw-functions.html]
[docs.postgresql.fr/current/fdw-callbacks.html]
[docs.postgresql.fr/current/fdw-helpers.html]
[docs.postgresql.fr/current/fdw-planning.html]
[docs.postgresql.fr/current/fdw-row-locking.html]
[docs.postgresql.fr/current/tablesample-support-functions.html]
[docs.postgresql.fr/current/custom-scan-path.html]
[docs.postgresql.fr/current/custom-scan-plan.html]
[docs.postgresql.fr/current/custom-scan-execution.html]
[docs.postgresql.fr/current/geqo-intro.html]
[docs.postgresql.fr/current/geqo-intro2.html]
[docs.postgresql.fr/current/geqo-pg-intro.html]
[docs.postgresql.fr/current/geqo-biblio.html]
[docs.postgresql.fr/current/index-api.html]
[docs.postgresql.fr/current/index-functions.html]
[docs.postgresql.fr/current/index-scanning.html]
[docs.postgresql.fr/current/index-locking.html]
[docs.postgresql.fr/current/index-unique-checks.html]
[docs.postgresql.fr/current/index-cost-estimation.html]
[docs.postgresql.fr/current/generic-wal.html]
[docs.postgresql.fr/current/custom-rmgr.html]
[docs.postgresql.fr/current/btree.html]
[docs.postgresql.fr/current/gist.html]
[docs.postgresql.fr/current/spgist.html]
[docs.postgresql.fr/current/gin.html]
[docs.postgresql.fr/current/brin.html]
[docs.postgresql.fr/current/hash-index.html]
[docs.postgresql.fr/current/storage-file-layout.html]
[docs.postgresql.fr/current/storage-toast.html]
[docs.postgresql.fr/current/storage-fsm.html]
[docs.postgresql.fr/current/storage-vm.html]
[docs.postgresql.fr/current/storage-init.html]
[docs.postgresql.fr/current/storage-page-layout.html]
[docs.postgresql.fr/current/storage-hot.html]
[docs.postgresql.fr/current/transaction-id.html]
[docs.postgresql.fr/current/xact-locking.html]
[docs.postgresql.fr/current/subxacts.html]
[docs.postgresql.fr/current/two-phase.html]
[docs.postgresql.fr/current/system-catalog-declarations.html]
[docs.postgresql.fr/current/system-catalog-initial-data.html]
[docs.postgresql.fr/current/bki-format.html]
[docs.postgresql.fr/current/bki-commands.html]
[docs.postgresql.fr/current/bki-structure.html]
[docs.postgresql.fr/current/bki-example.html]
[docs.postgresql.fr/current/row-estimation-examples.html]
[docs.postgresql.fr/current/multivariate-statistics-examples.html]
[docs.postgresql.fr/current/planner-stats-security.html]
[docs.postgresql.fr/current/backup-manifest-toplevel.html]
[docs.postgresql.fr/current/backup-manifest-files.html]
[docs.postgresql.fr/current/backup-manifest-wal-ranges.html]
[docs.postgresql.fr/current/datetime-input-rules.html]
[docs.postgresql.fr/current/datetime-invalid-input.html]
[docs.postgresql.fr/current/datetime-keywords.html]
[docs.postgresql.fr/current/datetime-config-files.html]
[docs.postgresql.fr/current/datetime-posix-timezone-specs.html]
[docs.postgresql.fr/current/datetime-units-history.html]
[docs.postgresql.fr/current/datetime-julian-dates.html]
[docs.postgresql.fr/current/features-sql-standard.html]
[docs.postgresql.fr/current/unsupported-features-sql-standard.html]
[docs.postgresql.fr/current/xml-limits-conformance.html]
[docs.postgresql.fr/current/release-17-10.html]
[docs.postgresql.fr/current/release-17-9.html]
[docs.postgresql.fr/current/release-17-8.html]
[docs.postgresql.fr/current/release-17-7.html]
[docs.postgresql.fr/current/release-17-6.html]
[docs.postgresql.fr/current/release-17-5.html]
[docs.postgresql.fr/current/release-17-4.html]
[docs.postgresql.fr/current/release-17-3.html]
[docs.postgresql.fr/current/release-17-2.html]
[docs.postgresql.fr/current/release-17-1.html]
[docs.postgresql.fr/current/release-17.html]
[docs.postgresql.fr/current/release-prior.html]
[docs.postgresql.fr/current/amcheck.html]
[docs.postgresql.fr/current/auth-delay.html]
[docs.postgresql.fr/current/auto-explain.html]
[docs.postgresql.fr/current/basebackup-to-shell.html]
[docs.postgresql.fr/current/basic-archive.html]
[docs.postgresql.fr/current/bloom.html]
[docs.postgresql.fr/current/btree-gin.html]
[docs.postgresql.fr/current/btree-gist.html]
[docs.postgresql.fr/current/citext.html]
[docs.postgresql.fr/current/cube.html]
[docs.postgresql.fr/current/dblink.html]
[docs.postgresql.fr/current/dict-int.html]
[docs.postgresql.fr/current/dict-xsyn.html]
[docs.postgresql.fr/current/earthdistance.html]
[docs.postgresql.fr/current/file-fdw.html]
[docs.postgresql.fr/current/fuzzystrmatch.html]
[docs.postgresql.fr/current/hstore.html]
[docs.postgresql.fr/current/intagg.html]
[docs.postgresql.fr/current/intarray.html]
[docs.postgresql.fr/current/isn.html]
[docs.postgresql.fr/current/lo.html]
[docs.postgresql.fr/current/ltree.html]
[docs.postgresql.fr/current/pageinspect.html]
[docs.postgresql.fr/current/passwordcheck.html]
[docs.postgresql.fr/current/pgbuffercache.html]
[docs.postgresql.fr/current/pgcrypto.html]
[docs.postgresql.fr/current/pgfreespacemap.html]
[docs.postgresql.fr/current/pgprewarm.html]
[docs.postgresql.fr/current/pgrowlocks.html]
[docs.postgresql.fr/current/pgstatstatements.html]
[docs.postgresql.fr/current/pgstattuple.html]
[docs.postgresql.fr/current/pgsurgery.html]
[docs.postgresql.fr/current/pgtrgm.html]
[docs.postgresql.fr/current/pgvisibility.html]
[docs.postgresql.fr/current/pgwalinspect.html]
[docs.postgresql.fr/current/postgres-fdw.html]
[docs.postgresql.fr/current/seg.html]
[docs.postgresql.fr/current/sepgsql.html]
[docs.postgresql.fr/current/contrib-spi.html]
[docs.postgresql.fr/current/sslinfo.html]
[docs.postgresql.fr/current/tablefunc.html]
[docs.postgresql.fr/current/tcn.html]
[docs.postgresql.fr/current/test-decoding.html]
[docs.postgresql.fr/current/tsm-system-rows.html]
[docs.postgresql.fr/current/tsm-system-time.html]
[docs.postgresql.fr/current/unaccent.html]
[docs.postgresql.fr/current/uuid-ossp.html]
[docs.postgresql.fr/current/xml2.html]
[docs.postgresql.fr/current/contrib-prog-client.html]
[docs.postgresql.fr/current/contrib-prog-server.html]
[docs.postgresql.fr/current/external-interfaces.html]
[docs.postgresql.fr/current/external-admin-tools.html]
[docs.postgresql.fr/current/external-pl.html]
[docs.postgresql.fr/current/external-extensions.html]
[docs.postgresql.fr/current/git.html]
[docs.postgresql.fr/current/docguide-docbook.html]
[docs.postgresql.fr/current/docguide-toolsets.html]
[docs.postgresql.fr/current/docguide-build.html]
[docs.postgresql.fr/current/docguide-build-meson.html]
[docs.postgresql.fr/current/docguide-authoring.html]
[docs.postgresql.fr/current/docguide-style.html]
[docs.postgresql.fr/current/color-when.html]
[docs.postgresql.fr/current/color-which.html]
[docs.postgresql.fr/current/recovery-config.html]
[docs.postgresql.fr/current/default-roles.html]
[docs.postgresql.fr/current/pgxlogdump.html]
[docs.postgresql.fr/current/app-pgresetxlog.html]
[docs.postgresql.fr/current/app-pgreceivexlog.html]
[docs.postgresql.fr/current/contrib-dblink-connect.html]
[docs.postgresql.fr/current/contrib-dblink-connect-u.html]
[docs.postgresql.fr/current/contrib-dblink-disconnect.html]
[docs.postgresql.fr/current/contrib-dblink-function.html]
[docs.postgresql.fr/current/contrib-dblink-exec.html]
[docs.postgresql.fr/current/contrib-dblink-open.html]
[docs.postgresql.fr/current/contrib-dblink-fetch.html]
[docs.postgresql.fr/current/contrib-dblink-close.html]
[docs.postgresql.fr/current/contrib-dblink-get-connections.html]
[docs.postgresql.fr/current/contrib-dblink-error-message.html]
[docs.postgresql.fr/current/contrib-dblink-send-query.html]
[docs.postgresql.fr/current/contrib-dblink-is-busy.html]
[docs.postgresql.fr/current/contrib-dblink-get-notify.html]
[docs.postgresql.fr/current/contrib-dblink-get-result.html]
[docs.postgresql.fr/current/contrib-dblink-cancel-query.html]
[docs.postgresql.fr/current/contrib-dblink-get-pkey.html]
[docs.postgresql.fr/current/contrib-dblink-build-sql-insert.html]
[docs.postgresql.fr/current/contrib-dblink-build-sql-delete.html]
[docs.postgresql.fr/current/contrib-dblink-build-sql-update.html]
[docs.postgresql.fr/current/oid2name.html]
[docs.postgresql.fr/current/vacuumlo.html]
[www.postgresql.org/media/css/open-sans-woff.css]
[www.postgresql.org/media/css/open-sans-woff2.css]
[docs.postgresql.fr/current/genetic-algorithm.svg]
[docs.postgresql.fr/current/gin.svg]
[docs.postgresql.fr/current/pagelayout.svg]
